-- phpMyAdmin SQL Dump
-- version 5.2.1
-- https://www.phpmyadmin.net/
--
-- Host: localhost:3306
-- Generation Time: Jan 22, 2025 at 08:24 AM
-- Server version: 10.6.20-MariaDB-cll-lve
-- PHP Version: 8.3.15

SET SQL_MODE = "NO_AUTO_VALUE_ON_ZERO";
START TRANSACTION;
SET time_zone = "+00:00";


/*!40101 SET @OLD_CHARACTER_SET_CLIENT=@@CHARACTER_SET_CLIENT */;
/*!40101 SET @OLD_CHARACTER_SET_RESULTS=@@CHARACTER_SET_RESULTS */;
/*!40101 SET @OLD_COLLATION_CONNECTION=@@COLLATION_CONNECTION */;
/*!40101 SET NAMES utf8mb4 */;

--
-- Database: `eventpro_absensi`
--

-- --------------------------------------------------------

--
-- Table structure for table `cache`
--

CREATE TABLE `cache` (
  `key` varchar(255) NOT NULL,
  `value` mediumtext NOT NULL,
  `expiration` int(11) NOT NULL
) ENGINE=InnoDB DEFAULT CHARSET=utf8mb4 COLLATE=utf8mb4_unicode_ci;

--
-- Dumping data for table `cache`
--

INSERT INTO `cache` (`key`, `value`, `expiration`) VALUES
('01d6g67zXl', 'i:1;', 1730881826),
('01wHWoXgFp', 'i:1;', 1730883265),
('0cVHkimdku', 'i:1;', 1730865424),
('0QK2NsTuBp', 'i:1;', 1730863346),
('1HCT51ja9A', 'i:1;', 1730865751),
('1kybRtVdmr', 'i:1;', 1730863115),
('1z3NT10Est', 'i:1;', 1730865398),
('2DVwVeRD8r', 'i:1;', 1730944252),
('3d4YBALRNQ', 'i:1;', 1730944208),
('3ePxUkzSPI', 'i:1;', 1730882425),
('45jPk1nFEH', 'i:1;', 1730864632),
('4bXLvCThhc', 'i:1;', 1730862828),
('4JDV5f3qMD', 'i:1;', 1730944199),
('4Jphaqul6R', 'i:1;', 1730864434),
('4OfonBP3Sl', 'i:1;', 1730865024),
('57djffF8ag', 'i:1;', 1730865650),
('5aiw9f17Gs', 'i:1;', 1730865452),
('5O4nrWJvay', 'i:1;', 1730881706),
('662KtyoxAV', 'i:1;', 1730882905),
('6wpO278xtF', 'i:1;', 1730864345),
('7bTjsYU7Y5', 'i:1;', 1730865838),
('7Lu4nAf4Cn', 'i:1;', 1730863586),
('7MOGr4ed7Z', 'i:1;', 1730864683),
('7UMJ9Y1dP5', 'i:1;', 1730864822),
('85KWmh7x9m', 'i:1;', 1730862949),
('8jDqWd1epb', 'i:1;', 1730863705),
('8RkP8TivF2', 'i:1;', 1730863085),
('8yb8qRJgix', 'i:1;', 1730862619),
('97vJ3v5jVq', 'i:1;', 1730865676),
('9d4JY2McZ0', 'i:1;', 1730865717),
('9ErS2wnT0c', 'i:1;', 1730862124),
('9FTkLJyhPM', 'i:1;', 1730882845),
('9wk0jvNErM', 'i:1;', 1730882185),
('aB5vuzkT4K', 'i:1;', 1730865615),
('Aryxqckehj', 'i:1;', 1730944393),
('b2BRdgwDnb', 'i:1;', 1730863026),
('Bb77FDAZmm', 'i:1;', 1730862639),
('bFpnHGUMbH', 'i:1;', 1730865393),
('BIGH6E51sw', 'i:1;', 1730881293),
('BktTTAbn4r', 'i:1;', 1730861823),
('C0cpk6boHv', 'i:1;', 1730864525),
('c6aQ8yLDRn', 'i:1;', 1730944334),
('CfJfMqbT1y', 'i:1;', 1730865593),
('CMhZ058dCl', 'i:1;', 1730862663),
('cmxDOepN7I', 'i:1;', 1730881585),
('cP5ruhdbcD', 'i:1;', 1730863178),
('CzvrBeImeZ', 'i:1;', 1730863947),
('d92aoYhLFu', 'i:1;', 1730864628),
('d96EKocIXe', 'i:1;', 1730864315),
('DcXjTBrsvr', 'i:1;', 1730865321),
('dkzvZstoS9', 'i:1;', 1730864125),
('drEmo4W9hv', 'i:1;', 1730865139),
('dUzNqdk95F', 'i:1;', 1730865080),
('dyvQMwP60E', 'i:1;', 1730863017),
('E0gUrsp1Et', 'i:1;', 1730862655),
('E1nvAzVPSH', 'i:1;', 1730881945),
('e4Z6jQ9l5F', 'i:1;', 1730865329),
('ei4EvSC6cv', 'i:1;', 1730882305),
('EmtvPEXYMw', 'i:1;', 1730862555),
('etXK5Dn2bJ', 'i:1;', 1730882245),
('ewkKzE6KLq', 'i:1;', 1730864374),
('eXyypYPIMP', 'i:1;', 1730864554),
('fAuwzeMW5c', 'i:1;', 1730882005),
('fDUzi2GsoD', 'i:1;', 1730863466),
('FmuvdTcNt7', 'i:1;', 1730865812),
('fqDQAhQDmc', 'i:1;', 1730864464),
('fZrW4ZdGGz', 'i:1;', 1730864598),
('GnIAkp2FSr', 'i:1;', 1730881886),
('GPTUlfY1RB', 'i:1;', 1730862669),
('GWDCgdg4ZY', 'i:1;', 1730864185),
('h0SZXZ4roe', 'i:1;', 1730862646),
('h8Rx7NflEd', 'i:1;', 1730865536),
('HjtHeP5MWJ', 'i:1;', 1730864284),
('HLfC8hc5NZ', 'i:1;', 1730881214),
('hlfWktJwyw', 'i:1;', 1730863406),
('HuYWnJwatg', 'i:1;', 1730865695),
('hVyRtLIUKo', 'i:1;', 1730861792),
('ijwhzT88O6', 'i:1;', 1730864065),
('InW2Sec6wy', 'i:1;', 1730864277),
('j3M8abBUry', 'i:1;', 1730865942),
('j8R4mHDhet', 'i:1;', 1730865686),
('jf5tsSQyH9', 'i:1;', 1730865359),
('JRwtnUkLBP', 'i:1;', 1730865316),
('JTSTaaa8HI', 'i:1;', 1730882486),
('jw3ar1ULiC', 'i:1;', 1730863230),
('jwyKsflPqs', 'i:1;', 1730862745),
('KdUJYyOhko', 'i:1;', 1730944304),
('keluar-03Or6sDei1', 'i:8;', 1736306761),
('keluar-04SGGfIsGp', 'i:11;', 1736815263),
('keluar-04tpWHZC7g', 'i:3;', 1737337030),
('keluar-04XyOd1RGG', 'i:9;', 1736945718),
('keluar-074a5Q0kGQ', 'i:5;', 1737505745),
('keluar-0CYwGraoTk', 'i:8;', 1736987947),
('keluar-0dzj4vm3mn', 'i:13;', 1736210459),
('keluar-0fec41ugwo', 'i:8;', 1737335712),
('keluar-0fo9KALRcc', 'i:4;', 1737509050),
('keluar-0fpz1OHAYH', 'i:6;', 1737079553),
('keluar-0HRsFQpCBl', 'i:8;', 1737422717),
('keluar-0ILTOlDW8v', 'i:9;', 1737421715),
('keluar-0ItHIQf5Ck', 'i:9;', 1736571772),
('keluar-0IXNT82mhj', 'i:3;', 1737336939),
('keluar-0jWWWKEWqX', 'i:5;', 1736384380),
('keluar-0MPPYrnU7t', 'i:5;', 1737420711),
('keluar-0Mz73hUSqO', 'i:9;', 1737080179),
('keluar-0nfg8TTiAH', 'i:9;', 1737431619),
('keluar-0OuBkCmISC', 'i:2;', 1736988466),
('keluar-0OXcIMpdYN', 'i:2;', 1736902711),
('keluar-0qoM4g5TJn', 'i:8;', 1736815064),
('keluar-0UAIOMlWE4', 'i:3;', 1736899785),
('keluar-0uy3DYJKxS', 'i:8;', 1736988009),
('keluar-0vKWbQG186', 'i:9;', 1736814941),
('keluar-0WEF7J4Pzv', 'i:9;', 1736486049),
('keluar-0xf92Rz0n0', 'i:9;', 1736571591),
('keluar-0xj9bvlwj2', 'i:7;', 1736815030),
('keluar-0YKs0wkyx5', 'i:4;', 1736908226),
('keluar-0ZWw7c0642', 'i:8;', 1736814942),
('keluar-10fCzZD525', 'i:8;', 1736211857),
('keluar-10QPlm6TRF', 'i:8;', 1736384283),
('keluar-17MsVLeLkp', 'i:5;', 1736384441),
('keluar-1BXQc72jgW', 'i:8;', 1736303665),
('keluar-1C05Nal5CT', 'i:5;', 1736384294),
('keluar-1G5jvrwBzW', 'i:5;', 1736208822),
('keluar-1gEDY5JNV0', 'i:8;', 1736903317),
('keluar-1jSK7qBYxI', 'i:9;', 1736579237),
('keluar-1JswV4PdNp', 'i:3;', 1737338050),
('keluar-1KtPxicTDw', 'i:5;', 1736814622),
('keluar-1l4jAKPUWW', 'i:12;', 1736313325),
('keluar-1L6AbZHya5', 'i:9;', 1736846752),
('keluar-1m9fwHVAip', 'i:9;', 1737335644),
('keluar-1oFYGN7SDL', 'i:12;', 1736313205),
('keluar-1OJXnQjrIM', 'i:8;', 1736211797),
('keluar-1On5OtlcD2', 'i:9;', 1736715440),
('keluar-1OxNXQir94', 'i:12;', 1736901274),
('keluar-1QPaV7m8rw', 'i:8;', 1737074571),
('keluar-1QpnTN802j', 'i:9;', 1736949388),
('keluar-1rk9CAxoLE', 'i:8;', 1736297617),
('keluar-1rNmZX4xLc', 'i:8;', 1736212152),
('keluar-1TY0kvTUAX', 'i:8;', 1736902835),
('keluar-1V1sXHBPOZ', 'i:14;', 1736986839),
('keluar-1vtcFEdCUO', 'i:8;', 1736845948),
('keluar-1zQinNrwbf', 'i:9;', 1736585371),
('keluar-20QBqvxGc4', 'i:9;', 1736814246),
('keluar-23vqkbpqfT', 'i:8;', 1736212888),
('keluar-24361loDuA', 'i:9;', 1736295898),
('keluar-27500dffqI', 'i:7;', 1736469837),
('keluar-2br56s0r9X', 'i:10;', 1737506465),
('keluar-2DX4leHYWu', 'i:2;', 1736296706),
('keluar-2Enl7TxWKs', 'i:9;', 1736483455),
('keluar-2hrYlVpdM9', 'i:9;', 1736949569),
('keluar-2Icsc9h6tn', 'i:6;', 1736221370),
('keluar-2ip9bkjZGC', 'i:5;', 1736483300),
('keluar-2j1GyS3yRn', 'i:9;', 1736830876),
('keluar-2jTh9gWzA3', 'i:9;', 1736830908),
('keluar-2LGJkuWvOG', 'i:8;', 1736903258),
('keluar-2LsB2NZr88', 'i:5;', 1737505805),
('keluar-2MnyZgu2Dx', 'i:9;', 1736638353),
('keluar-2mTDDreRS2', 'i:8;', 1736306547),
('keluar-2nnsDV0GYK', 'i:9;', 1736665410),
('keluar-2NzDP4mTrp', 'i:10;', 1737337145),
('keluar-2OldW9gc3u', 'i:5;', 1736988657),
('keluar-2OwwgAKXmR', 'i:2;', 1736814334),
('keluar-32n6ovV5Cm', 'i:5;', 1736729828),
('keluar-33F75168xX', 'i:5;', 1736385065),
('keluar-34E0iWCmX7', 'i:9;', 1736932425),
('keluar-34Itw8FSve', 'i:5;', 1736814980),
('keluar-35J1rqRJEH', 'i:4;', 1737507494),
('keluar-35vUKG65eB', 'i:7;', 1736900945),
('keluar-3728OrkZVN', 'i:9;', 1736902695),
('keluar-39Cc3Y2G3E', 'i:9;', 1736548008),
('keluar-3aqh8EgnQd', 'i:3;', 1736987114),
('keluar-3aZVDsoqKa', 'i:8;', 1736297755),
('keluar-3B2D9JcrF5', 'i:12;', 1737420807),
('keluar-3C6l93udMn', 'i:3;', 1736990772),
('keluar-3eAcJVmWRU', 'i:5;', 1736729798),
('keluar-3Ejy68ZVMk', 'i:8;', 1737074297),
('keluar-3EsWf5g0DO', 'i:9;', 1736486503),
('keluar-3F84fKiVuJ', 'i:9;', 1736599873),
('keluar-3feuVseYns', 'i:14;', 1736211478),
('keluar-3gOcuurAyr', 'i:8;', 1736903490),
('keluar-3i0eF6mdCD', 'i:12;', 1737507628),
('keluar-3IqXKqqbSp', 'i:8;', 1736987979),
('keluar-3Lddk3Y3RJ', 'i:12;', 1736901167),
('keluar-3li3RxyiS9', 'i:4;', 1736842865),
('keluar-3Mo1iCVRHc', 'i:2;', 1736301426),
('keluar-3N3YveVulW', 'i:4;', 1736908166),
('keluar-3Nb60aPmG0', 'i:3;', 1736814543),
('keluar-3NwhEeFOQ3', 'i:13;', 1737421131),
('keluar-3OmT8f1boc', 'i:2;', 1736301245),
('keluar-3oo7nyVCFE', 'i:3;', 1737336918),
('keluar-3pKdrZWnfs', 'i:2;', 1736296736),
('keluar-3qLQQwLrgM', 'i:8;', 1736212775),
('keluar-3QNQbLb9IL', 'i:8;', 1737335621),
('keluar-3QvK9KbHC4', 'i:8;', 1736212956),
('keluar-3sdViMki7B', 'i:9;', 1736552589),
('keluar-3skhOPmcvZ', 'i:9;', 1736474130),
('keluar-3tIu4g017L', 'i:13;', 1736898743),
('keluar-3VaJQuKA4W', 'i:3;', 1737338051),
('keluar-41UY9Z7Pdb', 'i:15;', 1736222345),
('keluar-42hMkjV6vD', 'i:2;', 1736833019),
('keluar-436qGoQD9u', 'i:8;', 1736212122),
('keluar-48hfTEcGJZ', 'i:2;', 1737080268),
('keluar-48oAGQJuXG', 'i:8;', 1736306639),
('keluar-4B6fwJ9pYe', 'i:8;', 1736211679),
('keluar-4D5Y3LXIly', 'i:3;', 1736209317),
('keluar-4emFZZrWpR', 'i:2;', 1736296827),
('keluar-4fn9UF8XKK', 'i:10;', 1737361189),
('keluar-4G4tNlmlSb', 'i:9;', 1736858567),
('keluar-4GaW9CXbPN', 'i:9;', 1736989072),
('keluar-4gQoR09kwj', 'i:3;', 1736990620),
('keluar-4hSb0hnqiw', 'i:9;', 1736934479),
('keluar-4I3KTDPIN0', 'i:9;', 1736599588),
('keluar-4IfUW8eFYN', 'i:3;', 1737073765),
('keluar-4JdXJS4jUB', 'i:11;', 1737333804),
('keluar-4lLJKQijb7', 'i:9;', 1736934936),
('keluar-4LmvYmIy9U', 'i:12;', 1736901160),
('keluar-4m19zi81r0', 'i:13;', 1736904281),
('keluar-4M3xZxlCWM', 'i:9;', 1736715944),
('keluar-4mi5eO3QZE', 'i:3;', 1736814609),
('keluar-4mJVM0m1AJ', 'i:9;', 1736834221),
('keluar-4ND2Mfh9if', 'i:9;', 1736675289),
('keluar-4nF0u0Bc9O', 'i:5;', 1736212985),
('keluar-4NYvduFTVB', 'i:9;', 1736988724),
('keluar-4omEVzFDtt', 'i:8;', 1736212457),
('keluar-4PrBSXgnwJ', 'i:5;', 1736296919),
('keluar-4qWUGmlVYa', 'i:8;', 1736212392),
('keluar-4RKvuZpLcM', 'i:8;', 1736297814),
('keluar-4rW1S9sgrS', 'i:9;', 1737421782),
('keluar-4T0VFBIOHz', 'i:7;', 1736987250),
('keluar-4vWjirExtY', 'i:9;', 1736579176),
('keluar-4whqTe5ILC', 'i:9;', 1736548159),
('keluar-53NYBvtyzd', 'i:9;', 1736580884),
('keluar-56ORP0tXBI', 'i:6;', 1736990754),
('keluar-5aMW1n5PPe', 'i:5;', 1736737002),
('keluar-5atiHCwvlj', 'i:7;', 1736469090),
('keluar-5aUHPXNhoI', 'i:3;', 1736814888),
('keluar-5bMpYBKfF7', 'i:6;', 1737079591),
('keluar-5hynmwxZCp', 'i:8;', 1736211707),
('keluar-5i7330EYki', 'i:8;', 1736988206),
('keluar-5IbF7chsqA', 'i:2;', 1736296766),
('keluar-5IJVbpcHNG', 'i:9;', 1736474100),
('keluar-5iSWpscyAB', 'i:5;', 1736384081),
('keluar-5jbi7goJ6h', 'i:3;', 1736296121),
('keluar-5mg77leSUh', 'i:5;', 1736385264),
('keluar-5muZ0ycU4A', 'i:5;', 1736212883),
('keluar-5ngPI4etXh', 'i:5;', 1736296889),
('keluar-5nhUty4CRL', 'i:9;', 1736839591),
('keluar-5r2hrfekBN', 'i:11;', 1736210521),
('keluar-5RWOjVi1wp', 'i:10;', 1737079634),
('keluar-5SCru6jQ6S', 'i:2;', 1736296662),
('keluar-5uAEcJQQ32', 'i:5;', 1736814950),
('keluar-5yRUDcfoK3', 'i:9;', 1737335430),
('keluar-5yyXSl8jYG', 'i:7;', 1737333102),
('keluar-600idwzFuD', 'i:10;', 1736383486),
('keluar-63LjHfOmrh', 'i:10;', 1736210342),
('keluar-66Qv4TF7vU', 'i:4;', 1737363431),
('keluar-6aLPrO6CxV', 'i:7;', 1737333042),
('keluar-6BeW6XU1lE', 'i:8;', 1736211650),
('keluar-6BSi5HeNTB', 'i:12;', 1737505806),
('keluar-6C0XLguTiG', 'i:9;', 1736936113),
('keluar-6DddYW9eRi', 'i:8;', 1736386400),
('keluar-6dnqr4Z1Tv', 'i:9;', 1736599812),
('keluar-6FxOFdHTWq', 'i:7;', 1737333894),
('keluar-6g645DdEdB', 'i:8;', 1736988070),
('keluar-6JVRCz1GNe', 'i:8;', 1736212302),
('keluar-6LIxVzr9E3', 'i:4;', 1736842772),
('keluar-6LOfavzJAQ', 'i:9;', 1736902756),
('keluar-6LS2q5y1D4', 'i:9;', 1736579116),
('keluar-6M1R9Bmu1g', 'i:3;', 1736814702),
('keluar-6N2xuKOe3z', 'i:7;', 1737333342),
('keluar-6nE1l6IPxO', 'i:8;', 1736297411),
('keluar-6NGeOrSJIi', 'i:8;', 1736211282),
('keluar-6oFC9JgsIH', 'i:9;', 1736552559),
('keluar-6OFpz8nAcr', 'i:8;', 1736211619),
('keluar-6OhjqSPu3E', 'i:11;', 1737333834),
('keluar-6qnkwBg95q', 'i:2;', 1736814148),
('keluar-6srvUlhpZB', 'i:5;', 1736737124),
('keluar-6UWusj6Fmt', 'i:9;', 1736987968),
('keluar-6Z9bgdeegd', 'i:9;', 1736584753),
('keluar-78ctmCYzac', 'i:4;', 1736845669),
('keluar-78JAvYMEdY', 'i:9;', 1736839561),
('keluar-78OM5HNw78', 'i:14;', 1736901383),
('keluar-7CnVDwYNOW', 'i:7;', 1736814576),
('keluar-7dG93mqFUd', 'i:2;', 1736940104),
('keluar-7dmLkdMsFR', 'i:9;', 1736675199),
('keluar-7G6UuTjbo9', 'i:5;', 1736815070),
('keluar-7gcsEaDnzi', 'i:5;', 1736901007),
('keluar-7HrWNVhcVj', 'i:4;', 1736988669),
('keluar-7hxzNgtWI2', 'i:5;', 1736385102),
('keluar-7NEyLKOngW', 'i:2;', 1736814209),
('keluar-7NpVPEM69c', 'i:5;', 1736730010),
('keluar-7odOCbTl6d', 'i:3;', 1737337214),
('keluar-7p9VZBiqqS', 'i:8;', 1737508120),
('keluar-7QMn4Oxqwi', 'i:7;', 1736814609),
('keluar-7TboVth9zC', 'i:7;', 1737505710),
('keluar-7TJZ44oV0s', 'i:3;', 1736990894),
('keluar-7TsiPDgB0G', 'i:3;', 1737505477),
('keluar-7VEnVclkpt', 'i:9;', 1736578357),
('keluar-7X6AJOVoAO', 'i:9;', 1736474010),
('keluar-7xaFjJSaGE', 'i:8;', 1737335793),
('keluar-7XCZuyiXwl', 'i:8;', 1737422826),
('keluar-7ZyWQUr5fH', 'i:8;', 1736297937),
('keluar-83eaz9ZeQH', 'i:6;', 1736992151),
('keluar-88zsxivkYd', 'i:9;', 1737431498),
('keluar-8Ajh2hA3ZC', 'i:9;', 1736902681),
('keluar-8Bnv0JaQRg', 'i:4;', 1737509021),
('keluar-8bqZzzF0u5', 'i:5;', 1737505697),
('keluar-8cAsFlfDpx', 'i:1;', 1736229972),
('keluar-8covQjvdaW', 'i:15;', 1736496015),
('keluar-8ETwzxtao9', 'i:9;', 1736579025),
('keluar-8FD37oODyV', 'i:9;', 1736483734),
('keluar-8Gw8I48ApC', 'i:7;', 1737333312),
('keluar-8gZanOSZPH', 'i:8;', 1736903437),
('keluar-8Hklb4ffla', 'i:9;', 1736945403),
('keluar-8IjQHTFQJe', 'i:9;', 1736830968),
('keluar-8KHG2FXmpe', 'i:9;', 1736731442),
('keluar-8LmrAPy4HT', 'i:4;', 1736845511),
('keluar-8mqSNjlIGL', 'i:5;', 1737334145),
('keluar-8O5k0LVZR0', 'i:9;', 1736485836),
('keluar-8oAbys3m9O', 'i:9;', 1736485927),
('keluar-8otrNELpk4', 'i:2;', 1736296794),
('keluar-8pfAZSIFk0', 'i:12;', 1736500294),
('keluar-8sJjooI10l', 'i:9;', 1736949478),
('keluar-8tiZnw4qWO', 'i:3;', 1737338080),
('keluar-8yOT16JFRC', 'i:9;', 1736858512),
('keluar-8Z1Y5cSSq4', 'i:9;', 1736585635),
('keluar-8ZIssbgfLA', 'i:11;', 1737078447),
('keluar-903OGV0Bkh', 'i:8;', 1736211497),
('keluar-9594LmBwAP', 'i:9;', 1736580556),
('keluar-96joRQEFpq', 'i:2;', 1736989050),
('keluar-97bfX67OQm', 'i:3;', 1736814490),
('keluar-97Cdd4buqS', 'i:8;', 1736212332),
('keluar-9aeSIUMZPR', 'i:11;', 1736845903),
('keluar-9dVsiWLsXs', 'i:10;', 1736210252),
('keluar-9EYpxk8SpS', 'i:11;', 1737420818),
('keluar-9gbuQwiHBS', 'i:3;', 1737073898),
('keluar-9gHccYP0ge', 'i:14;', 1736297211),
('keluar-9h9Htu0xA9', 'i:3;', 1737337094),
('keluar-9hj7MOxu17', 'i:5;', 1736299256),
('keluar-9hSmFkSKOT', 'i:14;', 1736814185),
('keluar-9I5b8SlkfH', 'i:9;', 1737335368),
('keluar-9imCi4ftvG', 'i:9;', 1736584782),
('keluar-9KEXDAaWDA', 'i:11;', 1737078414),
('keluar-9R7fhSm1IW', 'i:1;', 1736230003),
('keluar-9rikwVHpla', 'i:2;', 1736815069),
('keluar-9rY0O1xgyI', 'i:5;', 1736900976),
('keluar-9Un1SxLqIS', 'i:9;', 1737079443),
('keluar-9UpAXDHcO5', 'i:9;', 1737421450),
('keluar-9UTKFLCvrh', 'i:5;', 1736814771),
('keluar-9yBm7iDZ7H', 'i:9;', 1736552394),
('keluar-A2ZhbWiLT4', 'i:8;', 1736211793),
('keluar-a3esSPpEvq', 'i:8;', 1736211317),
('keluar-a4EynxKaKN', 'i:13;', 1737421307),
('keluar-a5EuS6NZRc', 'i:9;', 1736845955),
('keluar-A5QDoy3fy6', 'i:2;', 1736814239),
('keluar-aaNRO4jwfz', 'i:14;', 1737083868),
('keluar-AaoRfT3eHs', 'i:9;', 1736903019),
('keluar-AAzUNCrXEn', 'i:9;', 1736300238),
('keluar-aC5FLdN2mE', 'i:3;', 1737505446),
('keluar-Acn6lIzTx5', 'i:5;', 1736729727),
('keluar-ACNiFTpaxe', 'i:8;', 1736211527),
('keluar-adzRMisjUu', 'i:9;', 1737079504),
('keluar-AflVoZhzcS', 'i:7;', 1737333132),
('keluar-AFYrCb60Wf', 'i:14;', 1736986979),
('keluar-aif5zXF47j', 'i:9;', 1736570626),
('keluar-Aj4B0YXPoq', 'i:5;', 1736296749),
('keluar-AjsupwvIfo', 'i:8;', 1736996481),
('keluar-AkIn49L1WP', 'i:8;', 1736212307),
('keluar-AL4HWEWbWC', 'i:4;', 1736988699),
('keluar-AlATIqZn1R', 'i:8;', 1736211672),
('keluar-alK43LNoUv', 'i:8;', 1737507785),
('keluar-aNU1fJUTfF', 'i:3;', 1736814188),
('keluar-anuAoVb0Bs', 'i:8;', 1736212823),
('keluar-aNUHhpLfWY', 'i:4;', 1736988577),
('keluar-aOpWGuAezf', 'i:13;', 1736150514),
('keluar-ApFh6zu3Jz', 'i:9;', 1736665288),
('keluar-ApgbUxDU9W', 'i:1;', 1735781566),
('keluar-APTA26gOT3', 'i:8;', 1736211226),
('keluar-ApyvQzXhgJ', 'i:8;', 1736213081),
('keluar-aQ6hVVgIHV', 'i:9;', 1736936355),
('keluar-aR9lpr2nFT', 'i:9;', 1736902959),
('keluar-aRZoILifEh', 'i:9;', 1736552430),
('keluar-ASAiKsFwzE', 'i:8;', 1736306536),
('keluar-ASDQwu0CUF', 'i:4;', 1737076644),
('keluar-aSMpSFLHSG', 'i:3;', 1736986993),
('keluar-aTj90xkgkf', 'i:10;', 1737506587),
('keluar-atmHQkqS7z', 'i:4;', 1737076705),
('keluar-AUfSwKU0b9', 'i:8;', 1736211432),
('keluar-AvKwpp2wkm', 'i:8;', 1736211677),
('keluar-AvoLmBfWis', 'i:5;', 1736384548),
('keluar-AVqwNSoVKP', 'i:9;', 1736578416),
('keluar-aW6BhyCQa1', 'i:5;', 1736385232),
('keluar-b0QOk1yyyl', 'i:1;', 1736230314),
('keluar-B1orITIfFL', 'i:9;', 1736662884),
('keluar-B2ll1F1bgw', 'i:9;', 1737421480),
('keluar-B391hf53Uf', 'i:9;', 1736570899),
('keluar-b5Lq9xsTxb', 'i:5;', 1736815192),
('keluar-b68YVBmmwq', 'i:9;', 1736830784),
('keluar-B6eTKDIvWx', 'i:5;', 1736729737),
('keluar-b8Cw74YQTw', 'i:4;', 1736925823),
('keluar-B976dxTmTd', 'i:4;', 1736908094),
('keluar-BA7GwFzPFR', 'i:9;', 1736715502),
('keluar-BAa7khUrsC', 'i:9;', 1736902842),
('keluar-BacdmoND0G', 'i:8;', 1736988039),
('keluar-bASKzZjbij', 'i:13;', 1736210649),
('keluar-bBACNWSB4n', 'i:15;', 1736231006),
('keluar-BbbCUIBA3T', 'i:8;', 1736303604),
('keluar-bcCdBSgxKf', 'i:8;', 1737074328),
('keluar-BCFLJ8LLV6', 'i:8;', 1737335787),
('keluar-BCvULXCUhJ', 'i:8;', 1736211251),
('keluar-BcXIdvQUVP', 'i:9;', 1736638323),
('keluar-bDIqLrfGNu', 'i:9;', 1736663217),
('keluar-Bdn4RrAu9E', 'i:9;', 1736585304),
('keluar-bdtif1IZeP', 'i:7;', 1736901006),
('keluar-BdTXMpJeOG', 'i:9;', 1736580944),
('keluar-BdzvDuYCWv', 'i:9;', 1736585664),
('keluar-bejhf8BKgi', 'i:8;', 1736211942),
('keluar-bG6FVFRrwX', 'i:9;', 1736590141),
('keluar-bhdCkRPoGY', 'i:8;', 1736211852),
('keluar-Bj1aBEhLss', 'i:9;', 1736845845),
('keluar-Bjf8Zv9qaY', 'i:7;', 1737333496),
('keluar-bkMmTREiEi', 'i:10;', 1736296565),
('keluar-BkSdMW26Bm', 'i:9;', 1736589982),
('keluar-bl4FtMXenT', 'i:10;', 1736296535),
('keluar-BLXcDlX6xr', 'i:9;', 1736662824),
('keluar-bmTMqNFA2z', 'i:9;', 1736933252),
('keluar-bNwqASlYvX', 'i:8;', 1736212718),
('keluar-bOpxmmJVHH', 'i:9;', 1736585536),
('keluar-boWp1sMArJ', 'i:7;', 1737333436),
('keluar-bp5GVme2Op', 'i:8;', 1736211522),
('keluar-BPkFvoeK1h', 'i:9;', 1736485988),
('keluar-bQyMk2ZIfV', 'i:9;', 1736483546),
('keluar-bRAt1pclha', 'i:9;', 1736579146),
('keluar-bRtzYY83nK', 'i:4;', 1736842893),
('keluar-bs9Pn0QtO9', 'i:9;', 1736579056),
('keluar-bsCWSgsjn1', 'i:11;', 1736210501),
('keluar-bTTK4GihZR', 'i:3;', 1736814512),
('keluar-BTvDfnfz3j', 'i:9;', 1736594996),
('keluar-bU93e6EPyE', 'i:8;', 1736211287),
('keluar-BUpwsH8Cor', 'i:14;', 1737333862),
('keluar-BuyKxlzvLz', 'i:5;', 1736736965),
('keluar-bvrP0xcmMm', 'i:1;', 1736230242),
('keluar-Bvue24SH4G', 'i:9;', 1736578309),
('keluar-bw86QoNKsd', 'i:15;', 1736230976),
('keluar-bwD0UJWPTO', 'i:9;', 1736571711),
('keluar-bWfv3YeP0p', 'i:8;', 1736212363),
('keluar-BWpViED39v', 'i:12;', 1736500273),
('keluar-BX5FFVVZxh', 'i:2;', 1736988591),
('keluar-C1058mApdH', 'i:8;', 1737074388),
('keluar-C2vk8NROJU', 'i:5;', 1736385328),
('keluar-c3553IT5fB', 'i:4;', 1736845391),
('keluar-C6JNnEPCLT', 'i:9;', 1736639199),
('keluar-C6W1dn8hm6', 'i:8;', 1737074449),
('keluar-c7R6S39tb2', 'i:8;', 1737423008),
('keluar-C7RNPwtyIq', 'i:9;', 1737335552),
('keluar-C8bRMz3j6o', 'i:13;', 1736499830),
('keluar-C8V8i5SzCl', 'i:14;', 1736901475),
('keluar-C9bh68a80N', 'i:9;', 1736552529),
('keluar-c9yahtpBmP', 'i:9;', 1736570838),
('keluar-CBf40qBjYx', 'i:9;', 1736639319),
('keluar-CbfYHy58vS', 'i:12;', 1737078393),
('keluar-cBRDKsx8pi', 'i:4;', 1736925610),
('keluar-cCI24lwHnl', 'i:14;', 1736986728),
('keluar-CdpoNi5gFb', 'i:9;', 1736570509),
('keluar-Ce9GHNWmQy', 'i:8;', 1736211558),
('keluar-cEmeCPxuVL', 'i:8;', 1736212632),
('keluar-cerGhtwazA', 'i:9;', 1736949448),
('keluar-CeZAh1qEZu', 'i:2;', 1736328220),
('keluar-CFh5P75iAD', 'i:13;', 1736499873),
('keluar-cFplYhKYDb', 'i:14;', 1736986669),
('keluar-cj4vkFcAoz', 'i:5;', 1736988403),
('keluar-CJGbGvv7di', 'i:10;', 1737361110),
('keluar-CjnvgNUfsH', 'i:10;', 1737079450),
('keluar-cN5OT7qwhN', 'i:9;', 1736663580),
('keluar-Cnzk4uChN6', 'i:3;', 1736987053),
('keluar-cObXTKTlZt', 'i:8;', 1736211557),
('keluar-cOwKrTgi2x', 'i:5;', 1736814666),
('keluar-cpBYWphH04', 'i:14;', 1736986831),
('keluar-CQ083cfcGN', 'i:4;', 1736842923),
('keluar-cqJV7cmhWo', 'i:3;', 1736986961),
('keluar-CrXLY7IIqo', 'i:14;', 1736382998),
('keluar-csCKwoIL7f', 'i:12;', 1737333686),
('keluar-csRBrKIR1P', 'i:9;', 1736949419),
('keluar-ctzDhZpvB4', 'i:3;', 1737073705),
('keluar-CuczLOs3em', 'i:15;', 1736231082),
('keluar-CYbwbSzDvj', 'i:9;', 1736902605),
('keluar-CYceWtkihG', 'i:3;', 1736296242),
('keluar-CYKOOlDjpC', 'i:5;', 1736901322),
('keluar-CziPIzoJ5z', 'i:13;', 1736987980),
('keluar-cZq4T7FZoU', 'i:11;', 1736901611),
('keluar-D1qlCO7kAf', 'i:5;', 1736815041),
('keluar-d2dcjGQdyt', 'i:9;', 1736931750),
('keluar-D3XnR1zQJJ', 'i:5;', 1736737258),
('keluar-D4MfwFVfEs', 'i:9;', 1736936414),
('keluar-d4uUGIChHi', 'i:9;', 1737505957),
('keluar-D7citYvyal', 'i:14;', 1736211589),
('keluar-d7oOLa55MH', 'i:4;', 1736845553),
('keluar-D9xaKtiFnw', 'i:8;', 1736212951),
('keluar-dBaH6ie1H5', 'i:4;', 1737507463),
('keluar-dbEpxDT9i9', 'i:4;', 1737363200),
('keluar-DBGUzQVDEj', 'i:10;', 1736469959),
('keluar-DBmdHILKxr', 'i:9;', 1736594783),
('keluar-DC6PxJq0ga', 'i:9;', 1736731652),
('keluar-De7RbXMonD', 'i:12;', 1736902878),
('keluar-dEQ5JJgcLA', 'i:14;', 1737104801),
('keluar-deuZg39Yx0', 'i:13;', 1737429494),
('keluar-dGBgIoCqat', 'i:9;', 1736846397),
('keluar-DGgnuWUux5', 'i:10;', 1737079501),
('keluar-DgXBDgT4bZ', 'i:7;', 1736815060),
('keluar-DHAOddbqH9', 'i:9;', 1736675139),
('keluar-dhHfsCr5kZ', 'i:2;', 1736209496),
('keluar-dIRh8geS6r', 'i:9;', 1736831961),
('keluar-dKbd1A2Xxs', 'i:9;', 1736677559),
('keluar-dLrbgveqTF', 'i:9;', 1736988749),
('keluar-dLSptUCkXy', 'i:12;', 1736500325),
('keluar-dMFptR8dAF', 'i:9;', 1736830846),
('keluar-dmLOxjbBW4', 'i:11;', 1736987988),
('keluar-DMSH72Sztt', 'i:2;', 1736150432),
('keluar-dOru8sz8jp', 'i:9;', 1736665130),
('keluar-DOXoJL4Uul', 'i:7;', 1737505771),
('keluar-doy0K9Fb5Z', 'i:8;', 1736212217),
('keluar-DpdL2kcydT', 'i:6;', 1736383406),
('keluar-DpGxeIbPZ6', 'i:11;', 1736210577),
('keluar-DpWAksRsRy', 'i:2;', 1736832879),
('keluar-DQ2di07FUj', 'i:13;', 1736548829),
('keluar-DQsHjHdteA', 'i:9;', 1736570958),
('keluar-drmg4YRyi1', 'i:5;', 1736729949),
('keluar-ds9jOhBX4L', 'i:9;', 1736663004),
('keluar-dsmZGEnklX', 'i:9;', 1736933070),
('keluar-DT5vJvMH7B', 'i:12;', 1736209516),
('keluar-dTabOHMSUO', 'i:9;', 1736815033),
('keluar-duKk0Vmo5P', 'i:9;', 1736585724),
('keluar-dUMFq2gopP', 'i:7;', 1736900884),
('keluar-DUmkzWjsFU', 'i:9;', 1737421869),
('keluar-dunu63PLW3', 'i:9;', 1737421810),
('keluar-dUskT5rqyP', 'i:9;', 1736831900),
('keluar-DvO3tNe5kO', 'i:8;', 1736212037),
('keluar-DwgNWvZq19', 'i:8;', 1736211257),
('keluar-DwWXLjAGCB', 'i:9;', 1736731411),
('keluar-DZ5Q5E7JfC', 'i:2;', 1737080015),
('keluar-E0VnikJ9fG', 'i:11;', 1736210594),
('keluar-E17wLPPJVJ', 'i:2;', 1736296676),
('keluar-e3GQ92tzMl', 'i:9;', 1736831686),
('keluar-E3Ls0n8JEK', 'i:9;', 1736715471),
('keluar-e4ba9oQ9z8', 'i:9;', 1736570719),
('keluar-e53V5D8mtd', 'i:12;', 1736313298),
('keluar-e6cb641IbI', 'i:9;', 1736936269),
('keluar-E8SFse0mr3', 'i:9;', 1736731537),
('keluar-EadFnQstUj', 'i:10;', 1736210490),
('keluar-EaEvIl604p', 'i:2;', 1736301097),
('keluar-eAgzAhLYHh', 'i:9;', 1736296361),
('keluar-EAiZOnloqj', 'i:9;', 1736988665),
('keluar-EawMVXrZvj', 'i:11;', 1737363762),
('keluar-eb6ewDBNcC', 'i:10;', 1737361249),
('keluar-ebZTG4xUEg', 'i:5;', 1736385294),
('keluar-ecKSYdY7VI', 'i:7;', 1736296303),
('keluar-ED4VXfyYPc', 'i:2;', 1736833141),
('keluar-EDq0GpwsVa', 'i:15;', 1736496056),
('keluar-eENjKPy8qZ', 'i:10;', 1736210430),
('keluar-eiODzHBCy4', 'i:9;', 1736839818),
('keluar-EJhDI09Mvx', 'i:8;', 1736212770),
('keluar-ejSrbRc8DS', 'i:8;', 1736212712),
('keluar-EkCjfdQK62', 'i:10;', 1736845818),
('keluar-EKtp0Z2mVK', 'i:2;', 1736301079),
('keluar-eKy3yyPM3C', 'i:9;', 1736295930),
('keluar-EnAuFawYX5', 'i:12;', 1736500265),
('keluar-EocbUNqtTE', 'i:9;', 1736902892),
('keluar-EoxDNEO5Zp', 'i:9;', 1736638292),
('keluar-Epd3Pdhhtr', 'i:8;', 1736902744),
('keluar-EQf8GRJKAG', 'i:9;', 1736675356),
('keluar-erLW9Xpff2', 'i:10;', 1737333842),
('keluar-eSknHoy0ng', 'i:14;', 1737363758),
('keluar-Esrn4EElBf', 'i:2;', 1736815129),
('keluar-eUMkC1cAh7', 'i:9;', 1737335792),
('keluar-eUPvlZy3iQ', 'i:2;', 1736814843),
('keluar-Evkc1bkeRp', 'i:8;', 1736212063),
('keluar-EVQj9LSWIH', 'i:7;', 1737333012),
('keluar-evsO7RmiOf', 'i:7;', 1737332981),
('keluar-EWX9Zr2mC6', 'i:9;', 1736580525),
('keluar-exyGrZNgOE', 'i:9;', 1736486111),
('keluar-ey24bcJh3f', 'i:9;', 1736934775),
('keluar-eYoQvsSE8X', 'i:2;', 1736814179),
('keluar-eyZVXwdG0q', 'i:5;', 1736483433),
('keluar-eZD7J4PbBT', 'i:9;', 1736936130),
('keluar-EZfD5FmBq8', 'i:9;', 1736831809),
('keluar-ezghLWKAYk', 'i:12;', 1737333717),
('keluar-F0VU1UpRLU', 'i:7;', 1736469382),
('keluar-f1dJatiYp5', 'i:7;', 1736209769),
('keluar-F39ryeDxuV', 'i:9;', 1736936205),
('keluar-f4Z9RXXbZY', 'i:8;', 1736988146),
('keluar-F55uXQQTIc', 'i:9;', 1736585815),
('keluar-f6SP14j7Mr', 'i:9;', 1736570749),
('keluar-f6wbie9LL4', 'i:3;', 1736899754),
('keluar-f7LEX6phAd', 'i:12;', 1737505857),
('keluar-f9QrcNsV7m', 'i:8;', 1737335916),
('keluar-F9sONLf4q2', 'i:14;', 1736901415),
('keluar-FaYbSdSto2', 'i:14;', 1737334122),
('keluar-FaYn9xjcKi', 'i:5;', 1736297214),
('keluar-FB2DP36arZ', 'i:5;', 1736900922),
('keluar-FC3Tld5ygz', 'i:9;', 1736831716),
('keluar-fCDD7HEPLC', 'i:13;', 1736210480),
('keluar-FcwkeRKNX9', 'i:11;', 1736845823),
('keluar-FDkNGYiOpj', 'i:8;', 1736902867),
('keluar-fdq04PDIzH', 'i:8;', 1736384400),
('keluar-fdvcYtGdLr', 'i:11;', 1737078699),
('keluar-FdVwxEhRUn', 'i:14;', 1737333984),
('keluar-fdXYi9k81D', 'i:9;', 1736597878),
('keluar-femSwGmR8b', 'i:9;', 1736589999),
('keluar-fERf1JYxOH', 'i:14;', 1736986984),
('keluar-fF8qXRxULi', 'i:5;', 1736468885),
('keluar-FFKe4N4dE4', 'i:9;', 1736715944),
('keluar-FGCXiEtLJE', 'i:12;', 1736499643),
('keluar-FGeG2fwXnE', 'i:8;', 1737074510),
('keluar-fGTuqng7HE', 'i:5;', 1736988571),
('keluar-fgv5MJNIq7', 'i:8;', 1736902805),
('keluar-fMrUxboAPP', 'i:14;', 1736986606),
('keluar-fn8v8vJube', 'i:9;', 1736935250),
('keluar-fpiuWvFFxO', 'i:4;', 1736988851),
('keluar-FQw5y0Gvrz', 'i:15;', 1736496010),
('keluar-fqZRCIrKo4', 'i:9;', 1736902574),
('keluar-FrpWmp0v3j', 'i:12;', 1736313236),
('keluar-FRqiJTZm3c', 'i:3;', 1737505507),
('keluar-FsaQgEjbTy', 'i:9;', 1736594876),
('keluar-FSEwJsPN9V', 'i:10;', 1736210214),
('keluar-FThGADGy1G', 'i:9;', 1736483668),
('keluar-fTm6E8Xbe0', 'i:3;', 1736296212),
('keluar-ftTiLPNEGT', 'i:8;', 1736211882),
('keluar-fubeCOzMtd', 'i:9;', 1736715612),
('keluar-FuWO7VXl85', 'i:3;', 1737337000),
('keluar-fVBhqkeH7O', 'i:7;', 1736814546),
('keluar-FwcjHHouiB', 'i:10;', 1736210183),
('keluar-fWmhVaplpe', 'i:9;', 1736548194),
('keluar-fXmgy58MaS', 'i:9;', 1736933313),
('keluar-fxWYdRH6lU', 'i:8;', 1736297705),
('keluar-FyU2EsecXN', 'i:9;', 1736585394),
('keluar-fzq5py5l5f', 'i:9;', 1736599531),
('keluar-FZRQXOY6hc', 'i:11;', 1736901625),
('keluar-g0ZuE3ze6N', 'i:10;', 1736987505),
('keluar-g3BXHV8XkB', 'i:15;', 1736222466),
('keluar-g3LRLfRGxr', 'i:11;', 1736210489),
('keluar-g6HQUJhIV5', 'i:9;', 1737421418),
('keluar-g7GAXVqpd2', 'i:8;', 1736303543),
('keluar-G7SwdMSbDe', 'i:9;', 1736933375),
('keluar-G7UaMwYfIZ', 'i:8;', 1736903548),
('keluar-g8ufeHqWLu', 'i:2;', 1736150492),
('keluar-g9ZApawITN', 'i:3;', 1736990833),
('keluar-GA8ptucfqi', 'i:2;', 1736150791),
('keluar-Gd6gGs5JwO', 'i:6;', 1737338812),
('keluar-GD7LuyWt7T', 'i:9;', 1736834070),
('keluar-gDng7LgsEh', 'i:5;', 1736814611),
('keluar-gFFjrQpTTX', 'i:4;', 1736908124),
('keluar-gGxyHwohUI', 'i:6;', 1736221378),
('keluar-gI6jIl3aei', 'i:9;', 1736715575),
('keluar-gIsoeeOcsM', 'i:9;', 1736594794),
('keluar-gjh0s2bZjZ', 'i:9;', 1736473950),
('keluar-gk6lISuyWB', 'i:10;', 1737506557),
('keluar-GKaqG96oy0', 'i:9;', 1736473920),
('keluar-gkHqeXph9d', 'i:9;', 1737335614),
('keluar-Gl7wlndRC3', 'i:8;', 1736815003),
('keluar-gm4QNsspJX', 'i:3;', 1736298113),
('keluar-gM6vnbOhcv', 'i:11;', 1737419342),
('keluar-GMWIXpvhyf', 'i:7;', 1737333222),
('keluar-gQ40kAlgx8', 'i:9;', 1736580611),
('keluar-GTw7dKODso', 'i:9;', 1736481325),
('keluar-GU4Lyv9Mpd', 'i:4;', 1736925643),
('keluar-Gum3Skx4pp', 'i:2;', 1737080075),
('keluar-gWnQDRCrEx', 'i:5;', 1736296808),
('keluar-gYqf99LWeM', 'i:9;', 1736585476),
('keluar-GzYsA2RGin', 'i:5;', 1736171516),
('keluar-h3E8h7wd6q', 'i:9;', 1736934725),
('keluar-H3npuY0pvF', 'i:8;', 1736212272),
('keluar-H3qRYAayGe', 'i:3;', 1736298119),
('keluar-H7zOvtH22m', 'i:2;', 1737079955),
('keluar-hCuPoh1NRh', 'i:14;', 1736382992),
('keluar-HCWKkHAGhR', 'i:7;', 1737333162),
('keluar-hDy6IJrQxR', 'i:9;', 1736662793),
('keluar-heHmmIeAuJ', 'i:9;', 1736486594),
('keluar-hFucZZsuqq', 'i:8;', 1736211347),
('keluar-Hg4nYpeuBV', 'i:9;', 1736814791),
('keluar-hGYBcUM8hO', 'i:9;', 1736933191),
('keluar-hH2GTo3MYF', 'i:11;', 1737333774),
('keluar-hH51E2Yz91', 'i:3;', 1736296455),
('keluar-hIUHc2Bj3a', 'i:2;', 1736986357),
('keluar-hLaZiZDp4A', 'i:11;', 1737078702),
('keluar-hlGEOIXmFl', 'i:9;', 1736665166),
('keluar-hNGFtmn17g', 'i:9;', 1736839759),
('keluar-hNNxktjNHe', 'i:9;', 1736933893),
('keluar-hnW5DHV4iT', 'i:9;', 1736675476),
('keluar-hpsNBgIDCV', 'i:7;', 1736814636),
('keluar-hQPysvwy7Z', 'i:14;', 1736211508),
('keluar-hRx1FmKD26', 'i:9;', 1737335913),
('keluar-HSkgUIMhGm', 'i:14;', 1736986820),
('keluar-HSl5tTxGua', 'i:8;', 1736297784),
('keluar-hTXEtrr2rV', 'i:5;', 1736385510),
('keluar-huGQiUZTxF', 'i:4;', 1736845522),
('keluar-HumLhe9sR6', 'i:2;', 1736988742),
('keluar-hv63agupDo', 'i:14;', 1736986652),
('keluar-hvTH5FG1By', 'i:9;', 1737079475),
('keluar-HVzDNjwxf0', 'i:5;', 1736737063),
('keluar-Hww1arZ9a0', 'i:9;', 1737422049),
('keluar-HYB9KIRKZm', 'i:4;', 1736843186),
('keluar-hYbmHr1f8g', 'i:8;', 1737364467),
('keluar-HyWVL61XtT', 'i:11;', 1736845903),
('keluar-I09NDYv1Yn', 'i:5;', 1736815131),
('keluar-I9dgiETH4w', 'i:8;', 1736212157),
('keluar-IAwyoYTqIk', 'i:9;', 1737335733),
('keluar-ibAJsqvMLw', 'i:9;', 1736663397),
('keluar-IDbNqCMqwN', 'i:5;', 1737334080),
('keluar-iEnaBvtqtK', 'i:2;', 1736902249),
('keluar-IgVP6iiRNK', 'i:12;', 1736931475),
('keluar-iHbKE0E9Vr', 'i:8;', 1736212602),
('keluar-iid7QILKRg', 'i:5;', 1736385130),
('keluar-IjSQmVbI76', 'i:1;', 1736230566),
('keluar-iK169Hucq6', 'i:10;', 1737361019),
('keluar-IkdkOgIiye', 'i:7;', 1737333282),
('keluar-ilv5n0gsT8', 'i:8;', 1736903287),
('keluar-Imujy3hWZH', 'i:9;', 1736570480),
('keluar-imVfV57gAt', 'i:9;', 1736831056),
('keluar-inI7lOWzlX', 'i:3;', 1736814340),
('keluar-ino2MaVQqs', 'i:9;', 1737506047),
('keluar-InUHHx5kNj', 'i:8;', 1736303392),
('keluar-INWIXiLUiD', 'i:7;', 1737073816),
('keluar-IoStSVnk6D', 'i:9;', 1737080077),
('keluar-IOVfPbku7m', 'i:2;', 1736301157),
('keluar-ipAwNmYRlh', 'i:5;', 1737505543),
('keluar-Ipo7KR1Oea', 'i:9;', 1736578327),
('keluar-IQ8xDqJ6gC', 'i:5;', 1736814635),
('keluar-iqw83fdkaC', 'i:10;', 1737079565),
('keluar-iRvwxaJdOp', 'i:9;', 1736296196),
('keluar-itJtVGs9E7', 'i:4;', 1736988639),
('keluar-IucEEXccwr', 'i:2;', 1736815189),
('keluar-IUiTzhxlOG', 'i:2;', 1736902741),
('keluar-iW19xbHMca', 'i:1;', 1736230277),
('keluar-Iw1T2MmqC3', 'i:12;', 1736987440),
('keluar-iwBSC8jA0u', 'i:4;', 1737508959),
('keluar-IWCZOXBg96', 'i:5;', 1736384019),
('keluar-IwNB7QAZgM', 'i:9;', 1736552459),
('keluar-IWnSEgtSTk', 'i:8;', 1736902774),
('keluar-IwoqRZO5dw', 'i:5;', 1736988439),
('keluar-IwQcBAfiCV', 'i:9;', 1736932427),
('keluar-ixI8z8pvTg', 'i:12;', 1736383014),
('keluar-IXvTGbdNa0', 'i:4;', 1736845421),
('keluar-iXWbQ2168s', 'i:8;', 1736212863),
('keluar-ixWQbL6Ha4', 'i:5;', 1736483255),
('keluar-Iy8SLTkB2m', 'i:15;', 1736222406),
('keluar-Iyo7fcBMEY', 'i:15;', 1736495871),
('keluar-j1wZb0IUlz', 'i:7;', 1736469263),
('keluar-J2MBYNPlby', 'i:5;', 1736385191),
('keluar-j3aKEOqTs4', 'i:8;', 1736212007),
('keluar-j3MF7YDJmV', 'i:9;', 1736831030),
('keluar-J4lI6Jinsc', 'i:1;', 1736230566),
('keluar-J62N3vaxQM', 'i:5;', 1736171509),
('keluar-j6Asvyojr0', 'i:9;', 1736814307),
('keluar-j6ir0qPF7A', 'i:9;', 1736814672),
('keluar-J80VXAazw2', 'i:2;', 1736296881),
('keluar-j8Lfgsi3vz', 'i:9;', 1736934045),
('keluar-j8QV8QQVn0', 'i:9;', 1736552274),
('keluar-ja2xJM2kqD', 'i:5;', 1736901067),
('keluar-jBB4F6QpC7', 'i:3;', 1736899968),
('keluar-JCEQOLeupL', 'i:9;', 1736831746),
('keluar-jCtqwceiat', 'i:9;', 1736663457),
('keluar-Jea1zJ8mHk', 'i:9;', 1736585288),
('keluar-jGotmUUiTR', 'i:3;', 1736987083),
('keluar-JhM0hRSHyK', 'i:9;', 1736598164),
('keluar-JHRfoKEzi3', 'i:11;', 1737078704),
('keluar-JK0f6we3XQ', 'i:4;', 1736908004),
('keluar-joi4ogxfNK', 'i:9;', 1736599450),
('keluar-JQhqgn605k', 'i:8;', 1737422773),
('keluar-JQMO2J3rTd', 'i:3;', 1737337151),
('keluar-JronmK4qrI', 'i:8;', 1736384370),
('keluar-jrOsSgiUrV', 'i:1;', 1736230033),
('keluar-JrOvAxT5Bm', 'i:2;', 1736902996),
('keluar-JrqqrKrC15', 'i:9;', 1736584662),
('keluar-JSa0Gerk9t', 'i:9;', 1736858629),
('keluar-jSORpXeZBQ', 'i:9;', 1736814534),
('keluar-jTHuiF6B8Q', 'i:7;', 1736469211),
('keluar-JWXKK8kCbD', 'i:9;', 1736571018),
('keluar-JX86LW3NvY', 'i:15;', 1736231036),
('keluar-JzZVmSluKK', 'i:2;', 1736988484),
('keluar-k0yxyYXVJi', 'i:7;', 1736814671),
('keluar-k3c82M7pEB', 'i:13;', 1736815289),
('keluar-k3Ci0XW2uj', 'i:11;', 1737104801),
('keluar-K3KqaqImDI', 'i:9;', 1736597981),
('keluar-k3vq6WnjGU', 'i:7;', 1737333192),
('keluar-K3wNg9DZze', 'i:7;', 1736901154),
('keluar-k4ta56y5CO', 'i:5;', 1736384324),
('keluar-k4UwnxP5LM', 'i:3;', 1737505537),
('keluar-k61KagX2St', 'i:4;', 1737362849),
('keluar-K6DfOn9QsE', 'i:8;', 1736303483),
('keluar-K7ppQIZ1Xy', 'i:3;', 1737073795),
('keluar-k9ZdU3gseg', 'i:9;', 1737421990),
('keluar-kaqrfGHMUE', 'i:14;', 1736814189),
('keluar-kAw5RS6mv0', 'i:15;', 1736496047),
('keluar-KAxr4Bvdid', 'i:8;', 1737422856),
('keluar-kbnC6sdjXk', 'i:8;', 1736212858),
('keluar-KbU6JavzfR', 'i:9;', 1736731502),
('keluar-KDsNRGBB2G', 'i:3;', 1736814220),
('keluar-KeqO5gZtEI', 'i:5;', 1737420815),
('keluar-kES9nt1kkF', 'i:9;', 1736945291),
('keluar-kETaEn1T4y', 'i:8;', 1736211552),
('keluar-keyjmLtRs2', 'i:8;', 1736384501),
('keluar-KfpbDutoeU', 'i:4;', 1737509080),
('keluar-KG30CF4x8c', 'i:5;', 1736384674),
('keluar-kgYgosHjgu', 'i:9;', 1736481264),
('keluar-KH71jdJ4G8', 'i:9;', 1736834040),
('keluar-KHUtM070WY', 'i:5;', 1736815011),
('keluar-KJo5D6DkOB', 'i:3;', 1737338239),
('keluar-KKtYP7AH2J', 'i:2;', 1736986587),
('keluar-kLHxaJYnKy', 'i:9;', 1736677848),
('keluar-KlmGdrbvsa', 'i:3;', 1736814828),
('keluar-km1Ldjvzdt', 'i:11;', 1737333864),
('keluar-kmNNoPwvuI', 'i:14;', 1737104805),
('keluar-KNfwt0ecPe', 'i:9;', 1737335700),
('keluar-KNoVSbSCdw', 'i:9;', 1736665227),
('keluar-kOYpjADCkt', 'i:9;', 1736988989),
('keluar-kpa6Y7LdmG', 'i:4;', 1736842844),
('keluar-kPeJq9LrCA', 'i:11;', 1737363792),
('keluar-KqHMSBHgGL', 'i:13;', 1736300602),
('keluar-KrD7snScXD', 'i:10;', 1737427243),
('keluar-KssEe6Pv39', 'i:5;', 1737505635),
('keluar-kSuypAjQEW', 'i:3;', 1737505597),
('keluar-kSvq3eb0zG', 'i:14;', 1736987000),
('keluar-KSxt51YOLv', 'i:6;', 1736732729),
('keluar-KToxYJfazv', 'i:9;', 1736548068),
('keluar-KUj01fhbNn', 'i:8;', 1737508059),
('keluar-kUqbgB499t', 'i:8;', 1736384462),
('keluar-KVgMUkFpax', 'i:3;', 1736814708),
('keluar-KVKntQtvrU', 'i:9;', 1736832022),
('keluar-kVWUQbJ67h', 'i:8;', 1736815155),
('keluar-KWKfx4ITIV', 'i:4;', 1737362946),
('keluar-kXHTHUHuI4', 'i:5;', 1736384008),
('keluar-KyBkBwOcuA', 'i:9;', 1736578479),
('keluar-KzNP6KCLHf', 'i:9;', 1736579087),
('keluar-L3PAtuuqRd', 'i:4;', 1736845638),
('keluar-L4E58v5pBg', 'i:9;', 1736590081),
('keluar-L4NF2JI3Ph', 'i:4;', 1737509020),
('keluar-lAQSNaC14Y', 'i:11;', 1736210576),
('keluar-LCA0iMTfpr', 'i:14;', 1736297284),
('keluar-lcHWqRTIvw', 'i:9;', 1736599423),
('keluar-LCRWUr9WLJ', 'i:5;', 1736901245),
('keluar-LE2SEkBrQu', 'i:5;', 1736729858),
('keluar-lEs2ht4Ril', 'i:5;', 1736384489),
('keluar-LFIuDixB68', 'i:12;', 1736296013),
('keluar-LFObDPu8An', 'i:8;', 1736211402),
('keluar-LHXv0azhKz', 'i:8;', 1736212097),
('keluar-Liep4tBFg6', 'i:8;', 1737507853),
('keluar-LJML2JqvKp', 'i:9;', 1736834162),
('keluar-lJY8XCJZW7', 'i:13;', 1736210541),
('keluar-lkJP0eFn8s', 'i:8;', 1736211703),
('keluar-LLA8rfWhnp', 'i:5;', 1736384171),
('keluar-LLaFoUhpKR', 'i:9;', 1736585334),
('keluar-LLM3nxDLhs', 'i:8;', 1736212002),
('keluar-LM4VrW789o', 'i:9;', 1736677574),
('keluar-LMdhrzazGU', 'i:8;', 1736212277),
('keluar-LMfTDQFpmE', 'i:12;', 1736150678),
('keluar-loJWSPfDFG', 'i:8;', 1736212092),
('keluar-LqJbNIEiBU', 'i:8;', 1736212242),
('keluar-lQtDaYWqdA', 'i:14;', 1737083888),
('keluar-LrBp3hDCEi', 'i:3;', 1736899858),
('keluar-Lrl6Fk1Gjf', 'i:2;', 1736986488),
('keluar-lRpRbx6R33', 'i:9;', 1736590201),
('keluar-LSzSuSJte4', 'i:4;', 1736842844),
('keluar-lta7J9pP15', 'i:10;', 1736814934),
('keluar-ltp2uzu96k', 'i:9;', 1736662974),
('keluar-ltzewPDpuL', 'i:9;', 1736295992),
('keluar-lu5xDhBXxC', 'i:9;', 1736731682),
('keluar-lUdrHZ4sJz', 'i:15;', 1736222496),
('keluar-lVvYWwoFwW', 'i:8;', 1736211737),
('keluar-LW7ZFfINz8', 'i:2;', 1736296796),
('keluar-lX1tGLFvtn', 'i:12;', 1736500380),
('keluar-lyBrWlL8V8', 'i:9;', 1736902635),
('keluar-LyD7Y70jxL', 'i:14;', 1736211552),
('keluar-M0pYI8FoqX', 'i:12;', 1737333021),
('keluar-M1KApjhGQg', 'i:9;', 1737080240),
('keluar-m23yBilFD4', 'i:3;', 1737338299),
('keluar-M4239TnbTP', 'i:5;', 1736736972),
('keluar-m5Dab3bbIm', 'i:3;', 1736814768),
('keluar-m6JjMhOgGL', 'i:9;', 1736665349),
('keluar-m7v8tAisV9', 'i:12;', 1736500287),
('keluar-M8FBQd5JIM', 'i:5;', 1736385485),
('keluar-m9QVWKsbYl', 'i:10;', 1736210220),
('keluar-mak0hg1gYe', 'i:9;', 1736902725),
('keluar-MarYKOlnhE', 'i:8;', 1737335682),
('keluar-mb6C0VngEF', 'i:3;', 1737073961),
('keluar-MB8wwlAy6j', 'i:9;', 1736585754),
('keluar-MbaMQvAMi7', 'i:12;', 1736902199),
('keluar-mBHoJe4P8r', 'i:9;', 1736481295),
('keluar-McNIm4MzlC', 'i:12;', 1736931537),
('keluar-mCOX0zV0H5', 'i:13;', 1736499768),
('keluar-mCYMgTkxwn', 'i:8;', 1736211342),
('keluar-MdOblpgvjb', 'i:9;', 1736814980),
('keluar-MebnURGhaA', 'i:9;', 1736831679),
('keluar-MfbN3wWU1H', 'i:8;', 1736211582),
('keluar-MfG7GKqwTE', 'i:9;', 1736570456),
('keluar-mgdAttjsUD', 'i:9;', 1737080019),
('keluar-mgpDTQTEOl', 'i:8;', 1736306700),
('keluar-Mh7m5qru7L', 'i:8;', 1737074183),
('keluar-MIifZ8Duy2', 'i:5;', 1737074620),
('keluar-MjqLJLB4U4', 'i:3;', 1737338179),
('keluar-MJYS5SPV8t', 'i:9;', 1736571651),
('keluar-mK5hLEaJyB', 'i:9;', 1736584739),
('keluar-MlWJasn4oA', 'i:10;', 1737506497),
('keluar-mm6fgXzuOe', 'i:10;', 1737361050),
('keluar-mNtovAU4z5', 'i:3;', 1736815323),
('keluar-mnUdUO3dEm', 'i:9;', 1736296300),
('keluar-Mp437RTktN', 'i:5;', 1736385358),
('keluar-mrxuJi9Oq7', 'i:8;', 1736211221),
('keluar-ms1Blbkx8j', 'i:12;', 1736845920),
('keluar-mTgg8NOj1S', 'i:2;', 1736150462),
('keluar-mu4cF50VIl', 'i:9;', 1736481355),
('keluar-mUMRiucIgq', 'i:7;', 1736900975),
('keluar-MUPyy0m7CO', 'i:14;', 1737334061),
('keluar-Mv0CRFRG6q', 'i:9;', 1736486777),
('keluar-mVc5Akrb0X', 'i:11;', 1736296066),
('keluar-MvTPqKbQqX', 'i:9;', 1737080118),
('keluar-MWhW29XnTm', 'i:9;', 1736296195),
('keluar-mWMeFpao0P', 'i:8;', 1736212247),
('keluar-Myp2qwxjsq', 'i:9;', 1736858537),
('keluar-MzELkt4UD8', 'i:9;', 1736932432),
('keluar-n0uFdMZcW9', 'i:5;', 1736729888),
('keluar-N36bwmpc42', 'i:9;', 1736814276),
('keluar-N4pfORI0Uz', 'i:12;', 1736987427),
('keluar-N5UAEDHPSa', 'i:2;', 1736902833),
('keluar-N5uBFbaX8Z', 'i:7;', 1736814940),
('keluar-N6BnEsl3bv', 'i:13;', 1736499800),
('keluar-n82bdOnfXz', 'i:12;', 1736814942),
('keluar-N9Vja7Jn7k', 'i:9;', 1736846368),
('keluar-nA5PPBUrNR', 'i:9;', 1736584976),
('keluar-nagT6VbkrP', 'i:10;', 1737506617),
('keluar-NaxNXy4txi', 'i:8;', 1736384561),
('keluar-Nb0qky5dvx', 'i:5;', 1736299329),
('keluar-Nbmp4cpDof', 'i:9;', 1736481386),
('keluar-NbMTFBGMUZ', 'i:8;', 1736211972),
('keluar-NBqTctsMoW', 'i:9;', 1736485876),
('keluar-nc3UvZqiPf', 'i:2;', 1736988513),
('keluar-Ncjnc8KNBx', 'i:9;', 1736581004),
('keluar-NcjZVD6iDy', 'i:8;', 1736298059),
('keluar-neNGdj3h7w', 'i:9;', 1736663280),
('keluar-nEtsi5vkin', 'i:9;', 1736483485),
('keluar-NFNf0z1t4f', 'i:6;', 1736991680),
('keluar-NfQNpfmPOc', 'i:5;', 1736468917),
('keluar-NFYxWdCsBg', 'i:14;', 1736814210),
('keluar-NgKcgPiRfD', 'i:7;', 1737423675),
('keluar-NJ8PhYBbxF', 'i:9;', 1736639213),
('keluar-NjCv4rTn6c', 'i:8;', 1736212573),
('keluar-NJecmpKAR1', 'i:8;', 1736211767),
('keluar-nk6UOnTnWa', 'i:8;', 1736211437),
('keluar-nkGBiFuDRC', 'i:9;', 1736846428),
('keluar-NkIWkzKFfU', 'i:9;', 1736814649),
('keluar-nKNpmH2Va2', 'i:7;', 1736469540),
('keluar-NKykKmCbP8', 'i:5;', 1736213195),
('keluar-NmYukWP54r', 'i:8;', 1736902712),
('keluar-nn4gD2Rmh3', 'i:14;', 1737333923),
('keluar-NNkt0e8mKs', 'i:10;', 1736210282),
('keluar-NOnxEcXJAx', 'i:9;', 1736936160),
('keluar-nQVFWVpiqN', 'i:9;', 1736949630),
('keluar-nrYWDGev0v', 'i:4;', 1736845698),
('keluar-nsnRhFT5UJ', 'i:5;', 1737505604),
('keluar-Ntd0pVs0zy', 'i:8;', 1736211407),
('keluar-ntu8y0vMfX', 'i:8;', 1736212542),
('keluar-NtwFsqYZjD', 'i:3;', 1737336970),
('keluar-NUvb5h6kdQ', 'i:9;', 1736639259),
('keluar-nUYx0SKTFV', 'i:7;', 1736469293),
('keluar-NvtKana0a3', 'i:8;', 1736988099),
('keluar-NxtLj1BVDM', 'i:15;', 1736231067),
('keluar-nXv5JCko0U', 'i:5;', 1736729768),
('keluar-nZRskN061E', 'i:4;', 1736925886),
('keluar-Nzu4k2vG7X', 'i:8;', 1736384430),
('keluar-o1Bn5y6OFV', 'i:5;', 1736814702),
('keluar-O2CjWgcEWd', 'i:14;', 1736986732),
('keluar-o90RYsddPu', 'i:13;', 1736296722),
('keluar-ObzrZNTnFw', 'i:7;', 1736296334),
('keluar-oDVyCVL8bd', 'i:7;', 1737333072),
('keluar-oE4CgQszm7', 'i:9;', 1736902927),
('keluar-oex3xQifHV', 'i:9;', 1736832083),
('keluar-oFCc2dGGUO', 'i:2;', 1736296879),
('keluar-Oflpmga8X3', 'i:9;', 1736578599),
('keluar-OH5mWYf3Fz', 'i:2;', 1736832883),
('keluar-oh9HaCRju9', 'i:9;', 1736580698),
('keluar-OhfJ2GJctN', 'i:9;', 1736933867),
('keluar-OhSgMJ9z8Y', 'i:4;', 1737508989),
('keluar-OihBNlQo7H', 'i:3;', 1736814642),
('keluar-OJDRxRWivw', 'i:9;', 1736599690),
('keluar-ojmIQSqjSK', 'i:9;', 1736677666),
('keluar-OkBMvb9gGb', 'i:13;', 1736499983),
('keluar-Ol3BO7yXTI', 'i:2;', 1736301868),
('keluar-OLqB7jteo2', 'i:14;', 1736986646),
('keluar-OLXttLr17z', 'i:2;', 1736902771),
('keluar-Onc6kiC0NK', 'i:14;', 1736211608),
('keluar-onKPXpuZRn', 'i:8;', 1736212482),
('keluar-oo9uLedGXo', 'i:9;', 1736552364),
('keluar-OP8JzI9WFo', 'i:10;', 1737079418),
('keluar-OPIuwB5NRz', 'i:8;', 1736306822),
('keluar-oPmEKQZaOK', 'i:14;', 1736901337),
('keluar-OPRd2MbBdZ', 'i:2;', 1736301365),
('keluar-orMg07ATgd', 'i:9;', 1736677604),
('keluar-ORvioD4IjN', 'i:9;', 1737506016),
('keluar-OSf0u7NrsO', 'i:9;', 1736988029),
('keluar-ot5G5S7kkX', 'i:8;', 1736213015),
('keluar-OTH8dSy61w', 'i:3;', 1737505720),
('keluar-oUPMd0InOr', 'i:12;', 1736931507),
('keluar-OXZPdLVzHP', 'i:9;', 1736815211),
('keluar-oys5ntRix0', 'i:4;', 1737362886),
('keluar-OZIb7zgfKl', 'i:4;', 1736843006),
('keluar-OZsdjXI3m8', 'i:4;', 1736845481),
('keluar-P0aUmAIfiP', 'i:3;', 1736296182),
('keluar-p0cl7iGneQ', 'i:4;', 1736988790),
('keluar-p0HVV1x4vz', 'i:5;', 1736385578),
('keluar-P10mm4jovY', 'i:4;', 1736845607),
('keluar-p1af2aUVBS', 'i:8;', 1736297345),
('keluar-p1BdyXnx8Y', 'i:11;', 1736210623),
('keluar-P2PfVYCmUv', 'i:9;', 1736834282),
('keluar-p3TwYxWVL0', 'i:8;', 1736213051),
('keluar-p8lD7baKkP', 'i:8;', 1737335750),
('keluar-PAkmdjhF4X', 'i:13;', 1737104601),
('keluar-pamWDmPte1', 'i:11;', 1736210483),
('keluar-pdMGYmaA5p', 'i:3;', 1736383056),
('keluar-PeVQow7Obe', 'i:8;', 1737018519),
('keluar-pf5ZdT8ToA', 'i:9;', 1736932467),
('keluar-pFH5YjHzUu', 'i:9;', 1736663097),
('keluar-pG4jTwkVAJ', 'i:8;', 1736212397),
('keluar-PgCMcVDUFJ', 'i:4;', 1736925732),
('keluar-pgxhHwy53O', 'i:9;', 1737335245),
('keluar-pGXULKA0uJ', 'i:8;', 1736815215),
('keluar-pHUYBzKfQV', 'i:8;', 1736212607),
('keluar-pIK8EvUN8W', 'i:8;', 1736212893),
('keluar-PIpRPHaI5N', 'i:9;', 1736662863),
('keluar-pj8BC9oNPI', 'i:13;', 1737083963),
('keluar-pjatksYzgR', 'i:2;', 1737079985),
('keluar-pJcZhDJqmd', 'i:9;', 1736639199),
('keluar-PL98Ll8o90', 'i:9;', 1736665136),
('keluar-pmBmSk5Jkh', 'i:8;', 1736211887),
('keluar-pN4x2VWpGY', 'i:8;', 1736212368),
('keluar-porZtaIGkX', 'i:11;', 1737078688),
('keluar-pPK9Wq5oxF', 'i:2;', 1736296764),
('keluar-PQnsGIkvP3', 'i:9;', 1736584915),
('keluar-pv8MdaOue7', 'i:9;', 1737080300),
('keluar-PW1QhGir2s', 'i:5;', 1737333957),
('keluar-PWeNYrvQpv', 'i:8;', 1737335855),
('keluar-PwHUeIOlnp', 'i:3;', 1736814519),
('keluar-PwJuMpOcHc', 'i:3;', 1737337060),
('keluar-PWo3S6RRGh', 'i:11;', 1736210470),
('keluar-PxHntKezuQ', 'i:15;', 1736222376),
('keluar-pXKJ9pJZ49', 'i:9;', 1736473980),
('keluar-PXxjpRC9cZ', 'i:9;', 1736579267),
('keluar-PyeiYoFdBg', 'i:14;', 1737505210),
('keluar-PYmZV2UGzJ', 'i:9;', 1737080048),
('keluar-pZFmoqa2T5', 'i:9;', 1736585937),
('keluar-PzWzxcTrtu', 'i:9;', 1736731473),
('keluar-Q16JPkjFHx', 'i:7;', 1736469120),
('keluar-Q1VzAnTrGW', 'i:9;', 1736571560),
('keluar-q42uXSwE9g', 'i:5;', 1736384412),
('keluar-q589hqZmSU', 'i:13;', 1736903143),
('keluar-q5kVRGP6C2', 'i:8;', 1736211612),
('keluar-q6dBFkBMne', 'i:3;', 1736298109),
('keluar-q6logWUj16', 'i:16;', 1737332627),
('keluar-Q7WU5WNdrM', 'i:9;', 1736585037),
('keluar-q9F54dk6pf', 'i:9;', 1736858689),
('keluar-q9xATqhJ9i', 'i:8;', 1736211467),
('keluar-qacIHXEFak', 'i:3;', 1736296333),
('keluar-qaLPxjalKF', 'i:5;', 1736385391),
('keluar-QAOTj1m2Qq', 'i:11;', 1736210603),
('keluar-QARfArGwPB', 'i:3;', 1736296272),
('keluar-qAvCj29ybh', 'i:2;', 1736150401),
('keluar-QB9uFeGCHq', 'i:5;', 1736208913),
('keluar-qbAnEwuETh', 'i:9;', 1736845779),
('keluar-Qbu489BlJg', 'i:7;', 1737429744),
('keluar-QC3QnCBVVp', 'i:9;', 1736598103),
('keluar-Qc5GdVhrFW', 'i:8;', 1736212182),
('keluar-Qd7sUSv3pV', 'i:5;', 1736213052),
('keluar-QDDbLLTwof', 'i:3;', 1736899889),
('keluar-QE58IqWXZ2', 'i:9;', 1736474070),
('keluar-QfMEANS8H1', 'i:8;', 1737074212),
('keluar-QGjGGWZkYd', 'i:5;', 1736469015),
('keluar-qglrAUwjeA', 'i:8;', 1736303453),
('keluar-qGlW2q6MlJ', 'i:7;', 1737423641),
('keluar-qGVvBFJiEd', 'i:8;', 1737507751),
('keluar-QhC5BprwOw', 'i:8;', 1736211647),
('keluar-QhzhZYVOzH', 'i:9;', 1736590029),
('keluar-qIuoxQoq1V', 'i:8;', 1737341414),
('keluar-QkZb6a9vmt', 'i:9;', 1737335337),
('keluar-qL0fIDP6f5', 'i:9;', 1737431771),
('keluar-QliFH1L4yY', 'i:12;', 1737332999),
('keluar-qlOCrl0cFl', 'i:2;', 1736986518),
('keluar-qMZPXSTry8', 'i:4;', 1737362917),
('keluar-Qn641vv7zQ', 'i:9;', 1736580616),
('keluar-qnATgrcHkb', 'i:4;', 1736845330),
('keluar-qOvIZWBLTP', 'i:9;', 1736296195),
('keluar-QPS5hErtQd', 'i:8;', 1737429617),
('keluar-QQ5iPMQa3M', 'i:9;', 1736552334),
('keluar-QR05jYtztc', 'i:8;', 1736212637),
('keluar-qRbF3RTfxC', 'i:5;', 1736385220),
('keluar-QrObEx3Won', 'i:11;', 1737078677),
('keluar-qRRJ4nlW1h', 'i:9;', 1736578538),
('keluar-QsEDxwR3iz', 'i:8;', 1736297472),
('keluar-QSRzoWaTUm', 'i:8;', 1736212547),
('keluar-quzxVJCNPt', 'i:10;', 1737361080),
('keluar-qVn8KoyNAI', 'i:9;', 1736902788),
('keluar-qWmXco8tkh', 'i:9;', 1736595056),
('keluar-QWPtjXY3Xt', 'i:3;', 1736899918),
('keluar-qXJIzZ513v', 'i:7;', 1736814849),
('keluar-qxptIf5KPU', 'i:3;', 1736987265),
('keluar-qxtr7MLCQW', 'i:10;', 1736210372),
('keluar-qxU5kI0yOe', 'i:2;', 1736301127),
('keluar-qYTP9xpGkk', 'i:9;', 1736814214),
('keluar-QyVMXKCWTI', 'i:9;', 1736570779),
('keluar-QyY9VloH39', 'i:16;', 1737018878),
('keluar-QzzYvL0KPR', 'i:2;', 1736902290),
('keluar-r0mkDm6XF0', 'i:9;', 1736830817),
('keluar-r19yRTJzkN', 'i:4;', 1737245152),
('keluar-R40Bj46J1x', 'i:9;', 1736677787),
('keluar-r6QEizaw0l', 'i:9;', 1736989012),
('keluar-r7LHAhKvKf', 'i:9;', 1736715532),
('keluar-R8N0z8Fj66', 'i:9;', 1736481415),
('keluar-R9BUDKkl8X', 'i:12;', 1736313355),
('keluar-RaWWTtPEP4', 'i:5;', 1736208883),
('keluar-raZSIv3Rr4', 'i:13;', 1736296740),
('keluar-RB4Z0Dh8rH', 'i:9;', 1736675319),
('keluar-rCenMZh0Dq', 'i:8;', 1736815033),
('keluar-rcQof71WTy', 'i:9;', 1736949508),
('keluar-rD97yB6pk5', 'i:8;', 1736303513),
('keluar-rEBBZvqKPc', 'i:8;', 1736297399),
('keluar-rGPptDMYNV', 'i:5;', 1737420740),
('keluar-RhiLn5gGt7', 'i:8;', 1736814973),
('keluar-RHoRTjfEqg', 'i:12;', 1736469075),
('keluar-RHvWw1ZxAC', 'i:14;', 1737363787),
('keluar-RiaNbjwJR3', 'i:2;', 1736832913),
('keluar-rJ5oznwKiz', 'i:8;', 1736212033),
('keluar-rJ8Qwmqj3P', 'i:13;', 1736150545),
('keluar-rjGmb9ohHm', 'i:3;', 1737505567),
('keluar-rKGuq2doyZ', 'i:9;', 1736675169),
('keluar-rkNMDCMLk7', 'i:8;', 1737508011),
('keluar-RKSppOu63V', 'i:13;', 1736210511),
('keluar-rL6WmB3JUt', 'i:9;', 1736599630),
('keluar-rlT4KysxvM', 'i:12;', 1736313275),
('keluar-RMgmgUpgJq', 'i:10;', 1736383492),
('keluar-rnfgx4FHNL', 'i:7;', 1736814515),
('keluar-rnqNnX8GmJ', 'i:4;', 1736907972),
('keluar-rnT0Wvxgmf', 'i:3;', 1737363836),
('keluar-rOFMoNxMCb', 'i:2;', 1736833079),
('keluar-ROJId6uZZK', 'i:5;', 1736483193),
('keluar-rQW8plC3Vz', 'i:9;', 1736584693),
('keluar-rrnzXcs8wO', 'i:3;', 1737505780),
('keluar-rsa8woaZ1i', 'i:9;', 1736486485),
('keluar-RsrDmtYhIa', 'i:9;', 1736663156),
('keluar-RSwfjzjqvA', 'i:5;', 1736814765),
('keluar-rte2vZZCLT', 'i:3;', 1736296516),
('keluar-RujCXQyxCb', 'i:4;', 1737076675),
('keluar-RUZigp43v1', 'i:7;', 1736469151),
('keluar-Rv0LeqI12l', 'i:5;', 1737420681),
('keluar-Rv2p1Pz3XF', 'i:8;', 1736213046),
('keluar-rVBQjIGUgF', 'i:4;', 1736842803),
('keluar-rvm9CWl2C9', 'i:12;', 1737505837),
('keluar-RVSqNNI90t', 'i:4;', 1736845583),
('keluar-RvTCHPcnhA', 'i:7;', 1736900915),
('keluar-rwwNeg74pK', 'i:9;', 1736662944),
('keluar-RzeLrROAlD', 'i:4;', 1736845361),
('keluar-rZGk07Zunf', 'i:13;', 1737350338),
('keluar-rzjWDX4PSJ', 'i:2;', 1736301305),
('keluar-S0FinPx3G8', 'i:2;', 1736814376),
('keluar-s2yNdj0OZO', 'i:3;', 1736814573),
('keluar-s3P2AAZkmY', 'i:10;', 1736328006),
('keluar-s3XiHRoNhg', 'i:8;', 1736297502),
('keluar-S4CIaYhTKY', 'i:4;', 1736925672),
('keluar-s8R8mCC4Az', 'i:11;', 1737078397),
('keluar-S8vxbEvqep', 'i:5;', 1736483510),
('keluar-sA62aBE9LL', 'i:5;', 1736900945),
('keluar-SBaRYadrRd', 'i:10;', 1737506737),
('keluar-sbysURmPzf', 'i:4;', 1736845451),
('keluar-sCRtjHbq44', 'i:9;', 1736839698),
('keluar-SCSt4WwNzM', 'i:2;', 1736150522),
('keluar-SD0iLLc7BV', 'i:9;', 1737335397),
('keluar-sd4lJ2K9ba', 'i:4;', 1737362818),
('keluar-SE0f3RZQHr', 'i:9;', 1736579296),
('keluar-Se7HPHXCCI', 'i:5;', 1736212924),
('keluar-SFPhqIwKZd', 'i:10;', 1737506707),
('keluar-siNDIFFSOV', 'i:4;', 1736843299),
('keluar-SiNiKszTo7', 'i:9;', 1736474040),
('keluar-sjBUcuiZHH', 'i:4;', 1736902261),
('keluar-sk2dRdjhx2', 'i:13;', 1736469220),
('keluar-SkyADL9D31', 'i:14;', 1737333893),
('keluar-SldYGsq2yZ', 'i:7;', 1736901059),
('keluar-SNBgWYyc5E', 'i:5;', 1736171499),
('keluar-sOtHFZnMkL', 'i:8;', 1736297998),
('keluar-spAVqMARGJ', 'i:5;', 1736384605),
('keluar-spk70SKiqP', 'i:3;', 1736383087),
('keluar-SPrg0eBSVB', 'i:4;', 1736908064),
('keluar-spzEcftD7e', 'i:9;', 1736486655),
('keluar-SqQoNfk18C', 'i:9;', 1736675536),
('keluar-sQyejfrVQz', 'i:8;', 1737422665),
('keluar-ssGprJvnzA', 'i:8;', 1736211873),
('keluar-St77Gdnui1', 'i:12;', 1736313416),
('keluar-StF0B5fDqk', 'i:8;', 1736902928),
('keluar-SUKykZ1c0S', 'i:5;', 1737333946),
('keluar-SvA7kgRDg1', 'i:12;', 1736296043),
('keluar-sVmQWJTeZc', 'i:9;', 1737505926),
('keluar-sW1QQMAQ59', 'i:10;', 1736210312),
('keluar-SwkalGAFti', 'i:9;', 1736675108),
('keluar-sWoh8IAaJc', 'i:8;', 1736903368),
('keluar-SWPhpPl9OO', 'i:9;', 1737079929),
('keluar-sX5L9TGExx', 'i:9;', 1736585693),
('keluar-Sxz6j8AhZg', 'i:3;', 1736815305),
('keluar-Szocahq3ea', 'i:9;', 1736585876),
('keluar-sZsneLSNwI', 'i:9;', 1736585611),
('keluar-t3tLSDyn18', 'i:9;', 1736486533),
('keluar-t4HqFcaUBX', 'i:9;', 1736933101),
('keluar-t82PKGbR0m', 'i:9;', 1736597890),
('keluar-T9Iv0CFgLI', 'i:3;', 1736814580),
('keluar-TaYhqcZZLe', 'i:2;', 1736297244),
('keluar-TB0Y9zkSHM', 'i:3;', 1737505658),
('keluar-tbFbd8dzIQ', 'i:3;', 1736990650),
('keluar-tBYmsZMRXZ', 'i:4;', 1737362856),
('keluar-teOKkywAvM', 'i:8;', 1737422886),
('keluar-TfJf3GoLHn', 'i:10;', 1736469951),
('keluar-TfKYap9rzq', 'i:9;', 1736485832),
('keluar-tFz1NffWq3', 'i:9;', 1736863327),
('keluar-TgybqCiTp1', 'i:11;', 1736988007),
('keluar-tHdtr1pvrY', 'i:13;', 1736815233),
('keluar-thRI1e78iW', 'i:3;', 1736987023),
('keluar-ti5xAHCPgp', 'i:4;', 1736842954),
('keluar-tiGPtpPN14', 'i:8;', 1736211827),
('keluar-tJiRkoZazs', 'i:14;', 1736211447),
('keluar-TJQYeTIRuz', 'i:9;', 1736486716),
('keluar-tKaLW2ckV4', 'i:3;', 1736899815),
('keluar-TkMP3Y41Xw', 'i:12;', 1737420798),
('keluar-TLHjshXJit', 'i:11;', 1737420793),
('keluar-TlM0V10d0l', 'i:3;', 1736296152),
('keluar-TLOZ9nvIpB', 'i:7;', 1737333252);
INSERT INTO `cache` (`key`, `value`, `expiration`) VALUES
('keluar-tLzyLOFXZk', 'i:9;', 1736585098),
('keluar-TMluAL48Kh', 'i:9;', 1736585596),
('keluar-tn6USkIzOo', 'i:5;', 1736483222),
('keluar-tn7XrCf6am', 'i:9;', 1737335853),
('keluar-TNJy8WVIjM', 'i:8;', 1737422947),
('keluar-TOABwvy0fY', 'i:11;', 1736931872),
('keluar-tPph9jcIys', 'i:9;', 1736949357),
('keluar-TpVYQ5khf3', 'i:9;', 1736987999),
('keluar-tqRbzfIp6l', 'i:11;', 1737078728),
('keluar-tSN0SYx3Wh', 'i:15;', 1736222436),
('keluar-TsQ18YVif6', 'i:8;', 1736212128),
('keluar-tTRT9Q3ZXo', 'i:12;', 1736313191),
('keluar-tUxRi0vGWu', 'i:8;', 1736212452),
('keluar-TXYoeJuW5A', 'i:14;', 1737078440),
('keluar-TyGgtTEwC8', 'i:9;', 1736931718),
('keluar-TyyoIGAH9s', 'i:9;', 1737335671),
('keluar-tYZll577Yu', 'i:9;', 1737431713),
('keluar-tZumu10Wax', 'i:9;', 1736579207),
('keluar-u020pOZnzf', 'i:9;', 1736846592),
('keluar-u2eqDekf2f', 'i:9;', 1736814744),
('keluar-u2QIa4bejJ', 'i:8;', 1736212512),
('keluar-U2WRRjW5vO', 'i:8;', 1736211752),
('keluar-u3O1bHRtbm', 'i:5;', 1737074649),
('keluar-u6HyTwsD8V', 'i:5;', 1736385162),
('keluar-u6MbvmFbt3', 'i:10;', 1736902168),
('keluar-U6NKB8aGzd', 'i:8;', 1736297876),
('keluar-u8onTlcSzr', 'i:8;', 1736212212),
('keluar-U8U63UfYrA', 'i:9;', 1736988779),
('keluar-uAneKoqhzg', 'i:8;', 1737335885),
('keluar-uAnG9uElWV', 'i:9;', 1736731592),
('keluar-ubxo8o59p5', 'i:9;', 1736831776),
('keluar-uCATuKuOPN', 'i:9;', 1736815002),
('keluar-uDXvkZojQK', 'i:2;', 1737080045),
('keluar-uEROJs3UGN', 'i:3;', 1737073825),
('keluar-uFIh8TWxc6', 'i:8;', 1736384309),
('keluar-UhuP8Vpns2', 'i:8;', 1737074096),
('keluar-UhY9mlJCXB', 'i:4;', 1737363139),
('keluar-uiPQ6H2yne', 'i:5;', 1736212846),
('keluar-uiqsaMJMNt', 'i:9;', 1737079901),
('keluar-uiZFOIoeNC', 'i:9;', 1736815091),
('keluar-uJyZGzBQjK', 'i:13;', 1736987968),
('keluar-Ul49P8ZSh7', 'i:5;', 1736814919),
('keluar-ulGlYRUlZ4', 'i:8;', 1736211812),
('keluar-ULIqHvA5h7', 'i:9;', 1737421928),
('keluar-UlxsEx4Nqf', 'i:9;', 1736675416),
('keluar-uM9yLG3n5y', 'i:9;', 1736839638),
('keluar-UnmJrGw0xy', 'i:5;', 1737334009),
('keluar-unonS5EbPI', 'i:9;', 1736675229),
('keluar-unVSqV82uc', 'i:3;', 1736814462),
('keluar-UoesBsaJQf', 'i:5;', 1737420953),
('keluar-uOoTSL1ZCX', 'i:10;', 1737506647),
('keluar-UPKKflZV81', 'i:5;', 1736988389),
('keluar-uqaOiZQjSA', 'i:9;', 1736834344),
('keluar-URbBJgX08C', 'i:9;', 1736548039),
('keluar-urOeFvlPLx', 'i:9;', 1736483607),
('keluar-urPe0GsWPD', 'i:7;', 1737333863),
('keluar-uRZNO4pWA6', 'i:3;', 1736209286),
('keluar-uRZRxLcoJO', 'i:9;', 1736720075),
('keluar-USpbq9TnwH', 'i:12;', 1736469046),
('keluar-uSstO3a7N0', 'i:5;', 1736296852),
('keluar-uTmJeFmxnQ', 'i:9;', 1737431589),
('keluar-uUc62SEa13', 'i:2;', 1736902259),
('keluar-uuMgOuQHmB', 'i:8;', 1737074267),
('keluar-uVcKOfbdH0', 'i:12;', 1736313477),
('keluar-UvozFX8E5e', 'i:10;', 1737361139),
('keluar-ux4TKWiXH4', 'i:8;', 1737018489),
('keluar-UXiJUwSDIf', 'i:8;', 1736211312),
('keluar-UzjuX6W43d', 'i:9;', 1736845810),
('keluar-uzRs4VmINq', 'i:4;', 1736845728),
('keluar-v1n1SGfVzF', 'i:12;', 1736468913),
('keluar-V1OKqXUlAl', 'i:2;', 1736902697),
('keluar-v3XPG4H2Ra', 'i:3;', 1736814634),
('keluar-v4ge9kHFeq', 'i:12;', 1736814972),
('keluar-v5kgtbC5AF', 'i:9;', 1736209128),
('keluar-v9hRuOwMLe', 'i:5;', 1736737185),
('keluar-VA5KBg0Tnn', 'i:8;', 1736913995),
('keluar-VBE9CfHHEj', 'i:8;', 1736211377),
('keluar-vbjxOx2SpI', 'i:8;', 1736303423),
('keluar-vesrDJRiAj', 'i:5;', 1736814789),
('keluar-vfRJmHOLQc', 'i:8;', 1736211762),
('keluar-vgTvTYYjeU', 'i:14;', 1736297254),
('keluar-vIiAaMfg6u', 'i:9;', 1736663518),
('keluar-Vio1sj47qT', 'i:15;', 1736230946),
('keluar-viQKBpDCq7', 'i:3;', 1736814400),
('keluar-VjbXHeQn7g', 'i:14;', 1737078385),
('keluar-VJKlziqTLR', 'i:5;', 1736483383),
('keluar-VJtL0piNFJ', 'i:3;', 1737338121),
('keluar-vjZpQk5p5h', 'i:4;', 1736925703),
('keluar-vKINcFIril', 'i:9;', 1736473859),
('keluar-vKQBblnIuc', 'i:4;', 1736912240),
('keluar-vKYcc2kOoq', 'i:10;', 1736902137),
('keluar-VLGjPktLvD', 'i:9;', 1736933130),
('keluar-VLOgRvztl4', 'i:9;', 1736598043),
('keluar-VmG4mDxBeL', 'i:2;', 1736301187),
('keluar-vmGenpRqAI', 'i:8;', 1736902989),
('keluar-VmJFZ3NoqC', 'i:8;', 1737335825),
('keluar-vN1IrfweRP', 'i:9;', 1736296239),
('keluar-VN75zVVf1B', 'i:5;', 1737505574),
('keluar-VnTtUGbvfA', 'i:8;', 1736211589),
('keluar-vo7P7sE1ES', 'i:14;', 1736901445),
('keluar-vReSznfLOa', 'i:9;', 1736834131),
('keluar-vt27mUscwq', 'i:9;', 1736209155),
('keluar-VVVGNP5Gef', 'i:8;', 1736211492),
('keluar-Vw0LMb4igD', 'i:8;', 1736306578),
('keluar-vwfsWptgQO', 'i:12;', 1737333696),
('keluar-VxBBPH74Ak', 'i:4;', 1736988609),
('keluar-VXxVDJyFWP', 'i:7;', 1736209800),
('keluar-Vyjt4bHqXt', 'i:14;', 1736814154),
('keluar-vYpqNaZ8Fz', 'i:13;', 1736825450),
('keluar-vYXkpW4jET', 'i:9;', 1736473892),
('keluar-VzpP7lCkRb', 'i:14;', 1737363727),
('keluar-W0WHtWTyv6', 'i:8;', 1736212577),
('keluar-W1iS7Bknnc', 'i:9;', 1736547978),
('keluar-W2Ual8NnS8', 'i:9;', 1736677726),
('keluar-W3Lolxq6qm', 'i:8;', 1736211587),
('keluar-W3vcZSR7O4', 'i:9;', 1736935190),
('keluar-W3yjFAatZQ', 'i:9;', 1737506076),
('keluar-W46j0t1cA8', 'i:9;', 1736663304),
('keluar-w6MXy2ygzM', 'i:13;', 1736917054),
('keluar-w9yZ7axmvu', 'i:9;', 1736552304),
('keluar-wa8v0uyz3d', 'i:7;', 1736815000),
('keluar-wAE4aNB8g0', 'i:9;', 1737335493),
('keluar-wd6AgoTlBb', 'i:3;', 1736814279),
('keluar-WdCd3jqadR', 'i:9;', 1736571541),
('keluar-wDhVMVnkFw', 'i:9;', 1736731562),
('keluar-WdmTjiABHo', 'i:9;', 1736831839),
('keluar-wfekGECXON', 'i:6;', 1736990514),
('keluar-WfJP7S5HYb', 'i:13;', 1736469006),
('keluar-WfoH7CMhSS', 'i:9;', 1736597920),
('keluar-WG1FgUcN05', 'i:4;', 1737363330),
('keluar-WgIGGdpSir', 'i:14;', 1737078405),
('keluar-WGsJE9pevt', 'i:9;', 1736830996),
('keluar-Wh6zyH9Slu', 'i:10;', 1737506527),
('keluar-whrzWbTxm1', 'i:4;', 1736988729),
('keluar-WI9weGIkCx', 'i:8;', 1736211733),
('keluar-wIgmlSVvqd', 'i:4;', 1736925763),
('keluar-WiT0HAzwRG', 'i:4;', 1736843126),
('keluar-wJ7lEwYuwr', 'i:9;', 1736988569),
('keluar-wKDCQf402w', 'i:8;', 1737018457),
('keluar-WKvoSW5eu8', 'i:8;', 1736212828),
('keluar-Wl6e1EqnxU', 'i:8;', 1736212487),
('keluar-wLvdUiVDRR', 'i:9;', 1736988629),
('keluar-WMZcp7PG1E', 'i:5;', 1736299219),
('keluar-WN2vl6RTug', 'i:3;', 1736900053),
('keluar-WNe9zp6JJW', 'i:13;', 1736996908),
('keluar-wnpbxip8x6', 'i:9;', 1736933051),
('keluar-wNUpsf77hG', 'i:9;', 1736599752),
('keluar-wpxE0jiWpm', 'i:10;', 1737421008),
('keluar-WQhEhvl8n2', 'i:9;', 1736295960),
('keluar-WqRkqHWER8', 'i:8;', 1736213076),
('keluar-WR5yn3QX87', 'i:14;', 1737420809),
('keluar-wrry4P1OdS', 'i:2;', 1736988873),
('keluar-WsifLdcYr0', 'i:9;', 1736675259),
('keluar-wU2pPRybC6', 'i:8;', 1736212517),
('keluar-wU4taNoagq', 'i:11;', 1737505931),
('keluar-wUL2ZaZFJ0', 'i:4;', 1737363360),
('keluar-wUYp8b1jLd', 'i:5;', 1737420747),
('keluar-WX3IZBPoLO', 'i:4;', 1736843066),
('keluar-WY36MU8wzd', 'i:12;', 1736469156),
('keluar-wYBd9pAT4R', 'i:8;', 1736212427),
('keluar-WyV8cpCYAm', 'i:9;', 1736585424),
('keluar-wYWyzlvGXk', 'i:2;', 1736296733),
('keluar-Wz5N7dVHzA', 'i:8;', 1736211710),
('keluar-Wzc0no1uVa', 'i:8;', 1736211947),
('keluar-WZElnZAnJr', 'i:5;', 1736384051),
('keluar-wzuOIDrWih', 'i:8;', 1737423069),
('keluar-x05VDmtBfv', 'i:8;', 1736384340),
('keluar-x28buk6rrQ', 'i:9;', 1736483438),
('keluar-X3cYpCgDla', 'i:8;', 1736815093),
('keluar-x4BFxhy8fK', 'i:8;', 1737074127),
('keluar-XabgRxzHgg', 'i:9;', 1737335277),
('keluar-xB85R0Loho', 'i:9;', 1736731622),
('keluar-Xbdt2dQiVe', 'i:2;', 1736988812),
('keluar-xBF7DQybkD', 'i:10;', 1736987426),
('keluar-xBLgQtqQjc', 'i:9;', 1736846531),
('keluar-xcSs7NBz4K', 'i:9;', 1736945689),
('keluar-XE6CAYBwrx', 'i:8;', 1736297384),
('keluar-XFvGkmzxLL', 'i:7;', 1736814731),
('keluar-XHDs3o2X25', 'i:14;', 1736211639),
('keluar-XHSV1mmHuR', 'i:9;', 1737505987),
('keluar-XjkgqBYMfH', 'i:14;', 1737505730),
('keluar-xK83LwNy3S', 'i:5;', 1736384142),
('keluar-XkoSxEbHvJ', 'i:9;', 1736988599),
('keluar-XL4UDqRIu1', 'i:14;', 1736986638),
('keluar-xlMYNt8hwP', 'i:4;', 1737363170),
('keluar-XmaZ3U61ZW', 'i:9;', 1736590262),
('keluar-xMtPbOz2Wc', 'i:4;', 1737508928),
('keluar-xMVPzUiGk4', 'i:9;', 1736663034),
('keluar-xncrmVaDDZ', 'i:8;', 1736212423),
('keluar-xo3xHB2s2t', 'i:3;', 1736814763),
('keluar-XOaiNjjj4l', 'i:8;', 1736212067),
('keluar-xp64PdGQqh', 'i:12;', 1736469157),
('keluar-xp8MReeHmk', 'i:9;', 1736945311),
('keluar-xPdOS0Kyof', 'i:14;', 1736986784),
('keluar-XPvY9mM3s3', 'i:8;', 1736211617),
('keluar-Xpx3JfTIej', 'i:9;', 1736834100),
('keluar-xR1032IlLj', 'i:9;', 1736834405),
('keluar-xs3y2zHwH0', 'i:8;', 1736211822),
('keluar-xt6RtGkr0i', 'i:8;', 1736297725),
('keluar-xuUcDPDpaT', 'i:5;', 1737420777),
('keluar-XvcQw8pnwX', 'i:5;', 1737420649),
('keluar-XW0peUswZl', 'i:7;', 1736469694),
('keluar-XWMmAG4O3i', 'i:14;', 1737333953),
('keluar-xXhskjKH9a', 'i:8;', 1736211462),
('keluar-xxOuv1UgTo', 'i:3;', 1736296394),
('keluar-XyZpxO7C2C', 'i:11;', 1736210531),
('keluar-Xz2jvggzOJ', 'i:9;', 1736580650),
('keluar-xZDNMTqoLq', 'i:9;', 1736547947),
('keluar-xzfEg5dxc5', 'i:14;', 1736901351),
('keluar-xZhS71gLsl', 'i:9;', 1736830938),
('keluar-XzlCKDQMga', 'i:9;', 1736594825),
('keluar-y1eh2JBn2y', 'i:11;', 1737505954),
('keluar-y1FoHmnQYs', 'i:5;', 1737505924),
('keluar-Y393KUSTsY', 'i:9;', 1737079875),
('keluar-Y4wJVxzNYD', 'i:14;', 1737333845),
('keluar-Y59jZIqlV8', 'i:14;', 1737334013),
('keluar-y5pH2UMI1l', 'i:9;', 1736548098),
('keluar-Y7EZirObLN', 'i:5;', 1736901036),
('keluar-Y7rRfGINr3', 'i:9;', 1736663336),
('keluar-Y84M2YzXAi', 'i:7;', 1736814917),
('keluar-y9gbPHoolZ', 'i:7;', 1736469180),
('keluar-Y9T9ZJhQbb', 'i:9;', 1737335307),
('keluar-y9yhANXfF0', 'i:9;', 1736662916),
('keluar-yA4EbgXvly', 'i:11;', 1737333744),
('keluar-YAZK4zyA2q', 'i:3;', 1736990615),
('keluar-yBI1Ck6gRY', 'i:8;', 1736297334),
('keluar-ydcG88qeLJ', 'i:13;', 1737334736),
('keluar-Ydo0hpTSd9', 'i:9;', 1736839555),
('keluar-Ye7juPJmwC', 'i:5;', 1736469067),
('keluar-yeKsPdzs00', 'i:10;', 1737505709),
('keluar-YfKxKadzOl', 'i:8;', 1736211917),
('keluar-YfsWNN7xgz', 'i:9;', 1737431559),
('keluar-Yg0R8fYsBy', 'i:14;', 1736986982),
('keluar-YGpKMZwMZz', 'i:8;', 1737507932),
('keluar-YGTYFIwQ7p', 'i:10;', 1737360988),
('keluar-yGwP9bY9kd', 'i:12;', 1736500257),
('keluar-yI0qKL37xa', 'i:9;', 1736571833),
('keluar-yIBGpbq2R0', 'i:9;', 1736594936),
('keluar-yJcnWQcA7e', 'i:9;', 1736548129),
('keluar-yJDy1ffklL', 'i:9;', 1736932427),
('keluar-Yjg1ha7AN9', 'i:3;', 1736814663),
('keluar-YJKc23W0gU', 'i:14;', 1736986700),
('keluar-yjNcsuvlYT', 'i:3;', 1736990711),
('keluar-YJwswDF2Pt', 'i:8;', 1736211977),
('keluar-YK6Lq2Qj2H', 'i:5;', 1736384112),
('keluar-yla8yzyC9h', 'i:12;', 1737333017),
('keluar-ylPNqWP7Gj', 'i:3;', 1736987192),
('keluar-Ylxng3gcNs', 'i:10;', 1736987380),
('keluar-YMjHay63SO', 'i:5;', 1736296970),
('keluar-YmM0eIU7tO', 'i:6;', 1737079926),
('keluar-YMNdApKIFT', 'i:9;', 1737431529),
('keluar-yMZPcD9s8c', 'i:5;', 1736988601),
('keluar-YnnZQvlXBI', 'i:7;', 1736469953),
('keluar-YNqs2VwqM1', 'i:5;', 1736901179),
('keluar-YnU2gXrEaR', 'i:9;', 1736570570),
('keluar-yoaP92rGFO', 'i:11;', 1736815294),
('keluar-YOQhU50Gso', 'i:14;', 1736382989),
('keluar-YoUaMzAP3N', 'i:9;', 1736570658),
('keluar-yOycLRjQSF', 'i:5;', 1736212853),
('keluar-yq0pU9ybDo', 'i:14;', 1737505201),
('keluar-yr6lFMzCnw', 'i:7;', 1736814970),
('keluar-yS4g4IGSRG', 'i:4;', 1737363296),
('keluar-ySsYbs2vQH', 'i:7;', 1737505741),
('keluar-ysxaIMtfIw', 'i:8;', 1736297568),
('keluar-ytYaq2s3Lp', 'i:8;', 1736211642),
('keluar-yUoIqoelM8', 'i:8;', 1736211372),
('keluar-yvrzCWn9Bw', 'i:14;', 1736987864),
('keluar-YWeb9q5FZ0', 'i:2;', 1736832959),
('keluar-YWte172zzu', 'i:8;', 1736212187),
('keluar-yxBaqYWMtj', 'i:5;', 1737505865),
('keluar-yXcLPv4Xcf', 'i:9;', 1736584644),
('keluar-yXIEHvWyep', 'i:5;', 1736384350),
('keluar-Yyh8kSSrIh', 'i:8;', 1737335652),
('keluar-YZ2Cd5ysFz', 'i:8;', 1736213020),
('keluar-YzycirtrKG', 'i:5;', 1737505668),
('keluar-Z0fmXW3Lgk', 'i:9;', 1736945341),
('keluar-z1EeoYqJre', 'i:2;', 1736296645),
('keluar-z3YlPK1LKn', 'i:8;', 1736297442),
('keluar-z6dDlej2Xc', 'i:5;', 1736385070),
('keluar-Z9whunMRnM', 'i:9;', 1736599599),
('keluar-zBWP0O4xO0', 'i:6;', 1736991219),
('keluar-ZbwqVnjD8W', 'i:9;', 1736599480),
('keluar-zD8oZktcR0', 'i:7;', 1737333376),
('keluar-ZDhy8AmB0B', 'i:6;', 1736990545),
('keluar-zEa2pkCGdq', 'i:2;', 1737079923),
('keluar-zhCC4lnWZW', 'i:8;', 1737508183),
('keluar-zhwdtRWxf8', 'i:8;', 1736211912),
('keluar-ZIIkD8yaY9', 'i:4;', 1736908034),
('keluar-Zj0ff9BaJI', 'i:16;', 1737332611),
('keluar-Zk22wOwCRM', 'i:9;', 1737079536),
('keluar-zkKEBymN7p', 'i:9;', 1736815152),
('keluar-ZL640dGLQj', 'i:5;', 1736299284),
('keluar-zLaISjc7n8', 'i:3;', 1737073735),
('keluar-zlFVnTWb0G', 'i:3;', 1737073673),
('keluar-zniDqGfwwx', 'i:13;', 1736815685),
('keluar-ZnwBAGOP7g', 'i:8;', 1736212337),
('keluar-ZPPtelUw67', 'i:9;', 1736988840),
('keluar-ZpVDIBEx0O', 'i:3;', 1736814249),
('keluar-zr7CPPndGB', 'i:5;', 1736384232),
('keluar-zUMhmVPeez', 'i:12;', 1737078404),
('keluar-zuZPcqUiCU', 'i:9;', 1737079988),
('keluar-zvsELy9kPE', 'i:14;', 1736987871),
('keluar-zzFhqTOpyO', 'i:9;', 1736548219),
('keluar-zZOyh7Vvlz', 'i:5;', 1736297214),
('KfLLBHqr2B', 'i:1;', 1730882125),
('KGYOix2G8F', 'i:1;', 1730882545),
('kKghOro52K', 'i:1;', 1730862858),
('kkzrexM0S9', 'i:1;', 1730862487),
('kLFybosJnf', 'i:1;', 1730863287),
('Kn7mVHWLsH', 'i:1;', 1730864404),
('l5h5yxnyVi', 'i:1;', 1730862033),
('LoNE3BDFSk', 'i:1;', 1730944282),
('LYctARVXGc', 'i:1;', 1730865852),
('lyr4OmaVgJ', 'i:1;', 1730864793),
('lZFf0zba1r', 'i:1;', 1730862769),
('M4a9FiWb7S', 'i:1;', 1730864929),
('m8Qe248w2j', 'i:1;', 1730882785),
('M9th0JZeTi', 'i:1;', 1730883385),
('MaCcfwFgWj', 'i:1;', 1730864005),
('masuk-068QIxpcqh', 'i:8;', 1736212063),
('masuk-0fk6zROAt9', 'i:8;', 1736211822),
('masuk-0fo0d5aQUl', 'i:9;', 1736731532),
('masuk-0g4VUdFgPR', 'i:9;', 1736665288),
('masuk-0gBuW6Bysv', 'i:9;', 1736552268),
('masuk-0Gjxxf71As', 'i:9;', 1736598104),
('masuk-0HQ6IYxWjn', 'i:9;', 1736675356),
('masuk-0PdLSJjFaV', 'i:9;', 1736987945),
('masuk-0petJZhHkV', 'i:9;', 1736599812),
('masuk-0uovrTSbAL', 'i:8;', 1736211812),
('masuk-0v7teLOWbL', 'i:13;', 1736210459),
('masuk-0yKW6px4Q8', 'i:7;', 1737333252),
('masuk-0YpNmuvqsT', 'i:9;', 1736731622),
('masuk-15hlbYY5Bm', 'i:9;', 1736584753),
('masuk-17xOUdBESW', 'i:10;', 1736210430),
('masuk-18KcsohCsB', 'i:8;', 1736211679),
('masuk-19y0xaYwX6', 'i:9;', 1736599690),
('masuk-1BJpgIlZNb', 'i:11;', 1737333804),
('masuk-1FGHOVu7zm', 'i:7;', 1737333192),
('masuk-1HmleTAJCI', 'i:9;', 1736590081),
('masuk-1htUHvnQ3y', 'i:8;', 1736212002),
('masuk-1LpMfFhPsa', 'i:11;', 1736210531),
('masuk-1qN3S7nGws', 'i:5;', 1736814610),
('masuk-1UvQyeX79a', 'i:8;', 1736212457),
('masuk-1ZVeylmIe3', 'i:9;', 1736639259),
('masuk-1zXHi5yRla', 'i:12;', 1737505837),
('masuk-20n5xCOV12', 'i:8;', 1736211377),
('masuk-2HvmyBhDAL', 'i:9;', 1736585596),
('masuk-2mXo4LEx0G', 'i:10;', 1736210312),
('masuk-2oF2CVZ8zt', 'i:9;', 1736675139),
('masuk-2OU0CIrWwS', 'i:9;', 1736548219),
('masuk-2y02inJXXh', 'i:9;', 1736677604),
('masuk-34gjHeIriY', 'i:8;', 1736212718),
('masuk-3I0Dxb2L2v', 'i:9;', 1736731473),
('masuk-3KaTVaset9', 'i:9;', 1736639199),
('masuk-3opmjYpglk', 'i:7;', 1737333072),
('masuk-3SyGqBRKB4', 'i:9;', 1736552459),
('masuk-3TNkbsHm5r', 'i:9;', 1736474130),
('masuk-3w7RYx08Vt', 'i:8;', 1736211437),
('masuk-3xMsGgb7G7', 'i:11;', 1736210482),
('masuk-3yIUrIjYMs', 'i:9;', 1736665349),
('masuk-4a542FujW6', 'i:8;', 1736211497),
('masuk-4A8M6Xycn9', 'i:8;', 1736213051),
('masuk-4ENLK0NV5k', 'i:9;', 1736570958),
('masuk-4MJVCUmEON', 'i:9;', 1736579056),
('masuk-4qf8fS16e5', 'i:14;', 1736211447),
('masuk-4r5lgF0ton', 'i:5;', 1736212883),
('masuk-4sP6yGNa66', 'i:8;', 1736211852),
('masuk-4YpizFdPJ8', 'i:4;', 1737245147),
('masuk-520pCEiNbS', 'i:7;', 1737333496),
('masuk-546xez2iOj', 'i:9;', 1736584693),
('masuk-5bsUUlfTyw', 'i:8;', 1736212337),
('masuk-5eX3NS1h6P', 'i:9;', 1736481325),
('masuk-5FSHRMC4jK', 'i:14;', 1736986644),
('masuk-5Hitm5Mv3E', 'i:9;', 1736585424),
('masuk-5JmYSjm8l6', 'i:5;', 1736212985),
('masuk-5OifcaH0e9', 'i:8;', 1736212302),
('masuk-5pVXXhQ0ED', 'i:9;', 1736579267),
('masuk-5SmLOkkCsS', 'i:8;', 1736211347),
('masuk-5TriIbQs8s', 'i:9;', 1736639319),
('masuk-63P6cKxIru', 'i:8;', 1736211527),
('masuk-6ACmQn51J9', 'i:7;', 1737333312),
('masuk-6ct4RwwmgE', 'i:7;', 1737333132),
('masuk-6K8kh18jqb', 'i:14;', 1736211588),
('masuk-6MsqSCFuEz', 'i:9;', 1736599630),
('masuk-6sn5sTJOHA', 'i:2;', 1736902248),
('masuk-6TeE7qDMuq', 'i:8;', 1736297398),
('masuk-6wrimm0wvf', 'i:9;', 1736639213),
('masuk-71tUZbmgUN', 'i:9;', 1736585724),
('masuk-7AeGnUcHj1', 'i:9;', 1736580945),
('masuk-7cPYOLhxoc', 'i:10;', 1736210372),
('masuk-7Dop9ZTods', 'i:8;', 1736212487),
('masuk-7H8cvHD9Fn', 'i:7;', 1737332980),
('masuk-7j7xlSbd5M', 'i:12;', 1737333020),
('masuk-7nSBIMiNtz', 'i:7;', 1737333012),
('masuk-7phc97dRWr', 'i:11;', 1736210488),
('masuk-7PN88fhPYX', 'i:9;', 1736548189),
('masuk-7R127txciF', 'i:7;', 1737333162),
('masuk-82wLrC7bNL', 'i:8;', 1736212573),
('masuk-8C4G16KMTr', 'i:8;', 1736212152),
('masuk-8dFNwahgsg', 'i:8;', 1736212157),
('masuk-8oP4a4343w', 'i:11;', 1737419341),
('masuk-8rrcIMQT0D', 'i:9;', 1736571651),
('masuk-8WaCoyEydX', 'i:9;', 1736584976),
('masuk-8z9ER26AZi', 'i:9;', 1736663518),
('masuk-8Zxo6luPoH', 'i:9;', 1736597981),
('masuk-9HYigw1Uff', 'i:8;', 1736211707),
('masuk-9Iw5c7ymks', 'i:9;', 1736599480),
('masuk-9J3c6VmOOh', 'i:8;', 1736212067),
('masuk-9W6QY4heyw', 'i:9;', 1736552529),
('masuk-9XDUKTlxHP', 'i:9;', 1736731682),
('masuk-a8tD4XzxDO', 'i:9;', 1736578327),
('masuk-a9sigGSKWV', 'i:9;', 1736584662),
('masuk-aB1JymwUAv', 'i:2;', 1736150462),
('masuk-absirkhoe6', 'i:9;', 1736486049),
('masuk-acFArUum19', 'i:7;', 1737333376),
('masuk-aFo1x3lbVD', 'i:8;', 1736211752),
('masuk-aGtuiHPT81', 'i:12;', 1736383013),
('masuk-aKABdbwCKv', 'i:9;', 1736570749),
('masuk-AkcFeG2paO', 'i:8;', 1736211617),
('masuk-akiJpJSuZg', 'i:8;', 1736212632),
('masuk-aLFF2dSplc', 'i:10;', 1736210282),
('masuk-AM7Q6ZvV3V', 'i:9;', 1736675536),
('masuk-apC3K4uWQt', 'i:9;', 1736662884),
('masuk-apzinezcpw', 'i:8;', 1736211589),
('masuk-AQKYlR0IQd', 'i:9;', 1736552394),
('masuk-aQz7qRDWCV', 'i:14;', 1736382997),
('masuk-asNzaIwK2m', 'i:15;', 1736230945),
('masuk-At71S42Cwv', 'i:9;', 1736594794),
('masuk-atD79HvvY6', 'i:8;', 1736211767),
('masuk-atDIqM5K8s', 'i:9;', 1736585288),
('masuk-ax8IgoCkdM', 'i:9;', 1736473890),
('masuk-azLBT7znQL', 'i:9;', 1736486533),
('masuk-B3aOAGuVQR', 'i:9;', 1736677848),
('masuk-B3ix28SVEH', 'i:9;', 1736677666),
('masuk-b7LdTW5PBg', 'i:12;', 1737332998),
('masuk-bbRuqopswj', 'i:8;', 1736211947),
('masuk-BcFzbEmaNl', 'i:14;', 1736986981),
('masuk-BcLQouYdzs', 'i:5;', 1736385162),
('masuk-bfL9ohkLQz', 'i:6;', 1736221377),
('masuk-BFt8bn4L36', 'i:5;', 1736208821),
('masuk-BgkqUPqPK8', 'i:9;', 1736662974),
('masuk-biqr4UDmFD', 'i:8;', 1736212363),
('masuk-blrJB5ZsNu', 'i:9;', 1736715612),
('masuk-BMdxOqlv7h', 'i:8;', 1736211703),
('masuk-brrKMPv3NE', 'i:8;', 1736212122),
('masuk-brs4RjA4jw', 'i:9;', 1736599599),
('masuk-BUVc4Mu3Sc', 'i:11;', 1736210603),
('masuk-bW8yA7oLOC', 'i:9;', 1736677574),
('masuk-bWrZ807iQ4', 'i:8;', 1736212858),
('masuk-BwzbrJiUya', 'i:8;', 1736212097),
('masuk-Bwzc53uWsZ', 'i:9;', 1736731652),
('masuk-BXRBBiD1lR', 'i:14;', 1736986819),
('masuk-BzOaAxpAi6', 'i:9;', 1736571772),
('masuk-C1HYmWD3nm', 'i:9;', 1736638323),
('masuk-C6q7QoZPqu', 'i:5;', 1736212924),
('masuk-cBjlg0B7WF', 'i:9;', 1736486485),
('masuk-ccG9OzLqnx', 'i:8;', 1736212368),
('masuk-cGKeZCKt3F', 'i:9;', 1736594783),
('masuk-cgRYIDVDKu', 'i:9;', 1736662792),
('masuk-cHBkvnVZyX', 'i:9;', 1736677787),
('masuk-CIBd3CoedV', 'i:4;', 1736842865),
('masuk-cM12zTZACv', 'i:12;', 1737507628),
('masuk-cmN9wpwUDw', 'i:13;', 1736210541),
('masuk-CnDHpJGg3y', 'i:9;', 1736599532),
('masuk-CODJ1LTzxd', 'i:13;', 1736296720),
('masuk-cPCMCXTs3A', 'i:9;', 1736570456),
('masuk-CRg4j8U345', 'i:9;', 1736715944),
('masuk-cZUyaoOa2b', 'i:8;', 1736211492),
('masuk-d4mDOehTuu', 'i:8;', 1736211372),
('masuk-D5dxTUQyrw', 'i:11;', 1737333743),
('masuk-d9l35OLXSF', 'i:8;', 1736211873),
('masuk-dbS8jokCok', 'i:8;', 1736212607),
('masuk-DDPSIkNedX', 'i:8;', 1736212482),
('masuk-Dgn93zYg48', 'i:9;', 1736715439),
('masuk-dklIAzY5aU', 'i:2;', 1736150791),
('masuk-dLStBiSTVR', 'i:8;', 1736211220),
('masuk-dn6wuclfI1', 'i:8;', 1736212517),
('masuk-DQbDpt9Pjw', 'i:11;', 1736210594),
('masuk-dt1G9t5wGt', 'i:2;', 1736150432),
('masuk-DtC7J256c9', 'i:9;', 1736580525),
('masuk-DU9P2LvFR1', 'i:9;', 1736675476),
('masuk-DwoQ7h42Fb', 'i:9;', 1736665227),
('masuk-DxiLr06hBB', 'i:15;', 1736495870),
('masuk-eb7djsCbJJ', 'i:7;', 1736209800),
('masuk-Ece9XygSyy', 'i:11;', 1736210577),
('masuk-eCprARn6wG', 'i:9;', 1736570658),
('masuk-edfYzVkVKg', 'i:9;', 1736665410),
('masuk-Efzvcp12tZ', 'i:9;', 1736594996),
('masuk-ekj6cvSWwa', 'i:5;', 1736385065),
('masuk-ekSB97qAQh', 'i:9;', 1736663278),
('masuk-eKUxVLlvGA', 'i:5;', 1736212846),
('masuk-Elb8kJiUSC', 'i:14;', 1736986979),
('masuk-ELeWbl1ADp', 'i:9;', 1736570838),
('masuk-ePoE8edKAJ', 'i:7;', 1737333222),
('masuk-eqJTkVH5aD', 'i:8;', 1736212217),
('masuk-eQWFcXnUMg', 'i:9;', 1736483668),
('masuk-et79qUVQSB', 'i:9;', 1736584739),
('masuk-euUAIE8rWl', 'i:9;', 1736474070),
('masuk-evWGG50EjP', 'i:9;', 1736663304),
('masuk-EvwZuewOaK', 'i:9;', 1736486655),
('masuk-Ewg0yA3oA2', 'i:8;', 1736213046),
('masuk-Ewr9cWAL9q', 'i:14;', 1736211552),
('masuk-F8XJxiOIet', 'i:9;', 1736585634),
('masuk-fcTrEtb3Iu', 'i:8;', 1736212397),
('masuk-fkhVCdjMQj', 'i:9;', 1736571711),
('masuk-fM0mfiycLF', 'i:7;', 1737333436),
('masuk-foNxhS1Mwg', 'i:9;', 1736548159),
('masuk-fRjI0l15Qy', 'i:8;', 1736212452),
('masuk-fw93Yx5YHE', 'i:5;', 1737505574),
('masuk-fXyPo0RIsk', 'i:9;', 1736579207),
('masuk-fygfKmLnLU', 'i:9;', 1736585037),
('masuk-g05U9bgPya', 'i:9;', 1736665130),
('masuk-GAdtlUAgTr', 'i:7;', 1737333042),
('masuk-gCbc1PsEIy', 'i:14;', 1736211508),
('masuk-gDlMoVNi7w', 'i:9;', 1736585334),
('masuk-GebgUlpvkc', 'i:8;', 1736212577),
('masuk-GEfClJgmF4', 'i:9;', 1736731592),
('masuk-GEVgvOAdbZ', 'i:9;', 1736548039),
('masuk-GgRYHIDhj5', 'i:8;', 1736211642),
('masuk-GJBABSy09J', 'i:9;', 1736552304),
('masuk-GJHLUnTZ1M', 'i:14;', 1736986783),
('masuk-gJWeEGjJN5', 'i:10;', 1736210214),
('masuk-GJXlAc9uJl', 'i:9;', 1736483734),
('masuk-gmYFzXWNCh', 'i:9;', 1736590201),
('masuk-GmzDeBiWX0', 'i:9;', 1736665136),
('masuk-go78J2GO24', 'i:9;', 1736483455),
('masuk-GsXiThFHzN', 'i:8;', 1736211552),
('masuk-gUbvXej4u7', 'i:8;', 1736212392),
('masuk-GugOWLjYwe', 'i:9;', 1736486503),
('masuk-GUJZwNSLT6', 'i:9;', 1736486594),
('masuk-GVzDn4CiCl', 'i:9;', 1736597890),
('masuk-gx7mtl4Mzk', 'i:2;', 1736150522),
('masuk-H6SsTOYCN9', 'i:5;', 1736171515),
('masuk-h9j4w1j5mW', 'i:8;', 1736212037),
('masuk-HEINcp6Pkm', 'i:8;', 1736211917),
('masuk-hHEkpgF2d1', 'i:9;', 1736599450),
('masuk-hhHKR0HCjD', 'i:9;', 1736473950),
('masuk-hjGhApBQmr', 'i:9;', 1736599588),
('masuk-hK89YsazOD', 'i:9;', 1736598164),
('masuk-hn5OAI7vsY', 'i:8;', 1736212092),
('masuk-hnEz5O1edZ', 'i:8;', 1736211942),
('masuk-HOGP40UCub', 'i:16;', 1737332627),
('masuk-hOxxTHeqVu', 'i:9;', 1736570899),
('masuk-hS5zm4ONTF', 'i:8;', 1736211710),
('masuk-HTzWMRyIFY', 'i:9;', 1736585876),
('masuk-hwqSxQwYfV', 'i:8;', 1736297333),
('masuk-i6euHzf1vh', 'i:5;', 1736385070),
('masuk-I95tnDB3Bk', 'i:9;', 1736548008),
('masuk-ICK7JXwMHY', 'i:9;', 1736585937),
('masuk-IEo0mdTWtK', 'i:9;', 1736715471),
('masuk-IFUaxlH64O', 'i:9;', 1736590262),
('masuk-igWChG7sp2', 'i:8;', 1736212128),
('masuk-iJDmJ9Eyxo', 'i:8;', 1736211312),
('masuk-IjXj7YpldD', 'i:5;', 1737505604),
('masuk-itrI3iIOY1', 'i:5;', 1736212853),
('masuk-iWo10trfr5', 'i:9;', 1736715532),
('masuk-j9ZkdiXgwA', 'i:8;', 1736211257),
('masuk-jAoOuXWaRY', 'i:8;', 1736213076),
('masuk-JcLfXcpLNj', 'i:15;', 1736496055),
('masuk-jF2rh8I4qW', 'i:9;', 1736483607),
('masuk-jhqdvaITVc', 'i:7;', 1737333102),
('masuk-jkWx0BNgYl', 'i:8;', 1736297383),
('masuk-JOJo6KqBDq', 'i:12;', 1737333017),
('masuk-JqFwE06eO3', 'i:8;', 1736211317),
('masuk-JQQJt49xBP', 'i:9;', 1736547946),
('masuk-JVpwcQQwv5', 'i:9;', 1736481263),
('masuk-JWTFZPLcqK', 'i:7;', 1737333342),
('masuk-jxTzm0alSp', 'i:9;', 1736486111),
('masuk-K14FuCCfy6', 'i:15;', 1736496009),
('masuk-k53UucCYqX', 'i:14;', 1736986838),
('masuk-k5Dw4B1MmI', 'i:8;', 1736212182),
('masuk-Kae91St7vF', 'i:4;', 1737391564),
('masuk-keqZXcBdmI', 'i:8;', 1736211887),
('masuk-Kf7zM81aoL', 'i:8;', 1736211432),
('masuk-KiPlWXW1IC', 'i:8;', 1736212823),
('masuk-Kjbc5y7iuO', 'i:8;', 1736212423),
('masuk-kjEM9lTxhK', 'i:9;', 1736578309),
('masuk-KjZzy0oLAO', 'i:8;', 1736211912),
('masuk-kKL1NSt1i6', 'i:9;', 1736581004),
('masuk-kKNBmWzCuL', 'i:9;', 1736580650),
('masuk-KN9znbLOa4', 'i:8;', 1736211793),
('masuk-knVS1s46ev', 'i:8;', 1736211522),
('masuk-KNZMfm8Ln2', 'i:8;', 1736212770),
('masuk-Kp4VJojwXX', 'i:8;', 1736211827),
('masuk-Kpah9ci9TF', 'i:9;', 1736663217),
('masuk-ktAaUpQNg6', 'i:9;', 1736584645),
('masuk-kugS4OzHRO', 'i:12;', 1736150677),
('masuk-kYPTK1z3Cq', 'i:9;', 1736578599),
('masuk-L5d7P4TOhs', 'i:8;', 1736211287),
('masuk-L7zalujQz8', 'i:8;', 1736213020),
('masuk-L8c2bpfKEm', 'i:9;', 1736579024),
('masuk-l9TMF7nRIc', 'i:8;', 1736212956),
('masuk-l9vVDndpfG', 'i:8;', 1736212712),
('masuk-LdKgTnnese', 'i:9;', 1736585693),
('masuk-LDPsflyUPN', 'i:11;', 1736210576),
('masuk-LfZ43RGf5Q', 'i:9;', 1736595056),
('masuk-lJQRbj7k5x', 'i:9;', 1736585304),
('masuk-LkQ6I9bCD8', 'i:9;', 1736584782),
('masuk-LksxqOGjeY', 'i:5;', 1736385130),
('masuk-LoP7N1gMOu', 'i:9;', 1736662944),
('masuk-lpH7WSRB7F', 'i:9;', 1736473858),
('masuk-LSYSvjWz9A', 'i:9;', 1736720075),
('masuk-LVrdJkkpvn', 'i:8;', 1736212277),
('masuk-LX8bdnUP3i', 'i:8;', 1736211402),
('masuk-LXUfdvrVqV', 'i:8;', 1736213015),
('masuk-lYvmjf9d1v', 'i:5;', 1736385102),
('masuk-m9al2Re4sJ', 'i:15;', 1736222466),
('masuk-mB2dBn7jB3', 'i:10;', 1736210252),
('masuk-mbX8ngpq2r', 'i:9;', 1736662863),
('masuk-mCEMZGXlZs', 'i:9;', 1736485836),
('masuk-mdxRt2WdE8', 'i:4;', 1736842771),
('masuk-MGHlLz6Fn6', 'i:14;', 1736382989),
('masuk-mm0WXLPwmR', 'i:9;', 1736597920),
('masuk-mmAeNFLU4b', 'i:8;', 1736211612),
('masuk-MMT7glkdze', 'i:9;', 1736598043),
('masuk-mSGJQ9mFAD', 'i:9;', 1736580698),
('masuk-mVoJcP6IGq', 'i:9;', 1736585611),
('masuk-mvQpz9JAv2', 'i:9;', 1736663580),
('masuk-mYSivbD4aB', 'i:9;', 1736663005),
('masuk-MyxlJPKhnx', 'i:9;', 1736571591),
('masuk-n5R7kFWbBz', 'i:9;', 1736481415),
('masuk-NAsAtgrZNB', 'i:9;', 1736675259),
('masuk-nc8TG4emDC', 'i:9;', 1736675319),
('masuk-NEpYIymvMW', 'i:12;', 1737333686),
('masuk-neTry8oulv', 'i:10;', 1736210490),
('masuk-nf5i9vWcAd', 'i:8;', 1736212272),
('masuk-ngBeP4C33L', 'i:8;', 1736212828),
('masuk-NhpuXJDp1p', 'i:9;', 1736578538),
('masuk-nIBVyirDP5', 'i:8;', 1736212603),
('masuk-nPJsPbKXjO', 'i:9;', 1736548098),
('masuk-NpXlblJTSR', 'i:9;', 1736552364),
('masuk-NSqUdxqWCD', 'i:8;', 1736212427),
('masuk-ntmbu7RkvJ', 'i:8;', 1736211557),
('masuk-NvOY17ZAnK', 'i:2;', 1736150492),
('masuk-o2zZazRTBH', 'i:9;', 1736675107),
('masuk-o4kKtb0qqn', 'i:8;', 1736297344),
('masuk-o5KbzyOVvz', 'i:9;', 1736663457),
('masuk-o7tALoPxgL', 'i:15;', 1736230976),
('masuk-O8NHblSVmP', 'i:8;', 1736211342),
('masuk-O9k1lL8Hyk', 'i:9;', 1736474100),
('masuk-oDLnn5b9Ab', 'i:9;', 1736579296),
('masuk-odoU40h2NA', 'i:9;', 1736570480),
('masuk-oicxkOO0TJ', 'i:9;', 1736481386),
('masuk-oPNWfJnOJo', 'i:5;', 1736213052),
('masuk-OqLPj2XUL5', 'i:5;', 1736171499),
('masuk-ORxJfUtyfr', 'i:9;', 1736675229),
('masuk-oZWWzvoniv', 'i:8;', 1736211649),
('masuk-p5BGkklR3p', 'i:9;', 1736570779),
('masuk-p9Bk9Gt9ww', 'i:8;', 1736212893),
('masuk-PBlCo3v9jc', 'i:9;', 1736590141),
('masuk-peFFybRpA7', 'i:9;', 1736579237),
('masuk-PmrkEmu19C', 'i:9;', 1736731502),
('masuk-Pn3nigwiss', 'i:14;', 1736986669),
('masuk-poT45gu54o', 'i:9;', 1736552430),
('masuk-PPy6o1gg88', 'i:15;', 1736496047),
('masuk-pTshjBg0k5', 'i:8;', 1736211737),
('masuk-PyE4MrcAyJ', 'i:9;', 1736486777),
('masuk-pZjaZBm9jQ', 'i:9;', 1736663396),
('masuk-q0wSnnYQNw', 'i:9;', 1736571560),
('masuk-q4wKqFv8M4', 'i:9;', 1736638353),
('masuk-Q7cxKskn6K', 'i:9;', 1736579086),
('masuk-q8G1ZyuXGd', 'i:9;', 1736731442),
('masuk-QakXRNQxqD', 'i:4;', 1736842803),
('masuk-Qb2kfvlfwT', 'i:8;', 1736212307),
('masuk-qdTD47kKfu', 'i:13;', 1736150544),
('masuk-QiXBQEwPpP', 'i:9;', 1736485832),
('masuk-qMzeVRjsgI', 'i:14;', 1736986728),
('masuk-Qn4SXVhvzX', 'i:14;', 1736986699),
('masuk-QNWyCTWRih', 'i:9;', 1736485988),
('masuk-qoYSOMuH96', 'i:8;', 1736212863),
('masuk-QqtRuKxYPX', 'i:9;', 1736597878),
('masuk-QSIg1CiOSv', 'i:8;', 1736212212),
('masuk-qUUTE7Wzdh', 'i:13;', 1736150514),
('masuk-qVgQQIzowQ', 'i:9;', 1736578479),
('masuk-QWEzxrsPTB', 'i:8;', 1736211281),
('masuk-QXUy5rEgDH', 'i:8;', 1736212512),
('masuk-R154tAq1hH', 'i:10;', 1736210342),
('masuk-R2UGQZJUQN', 'i:9;', 1736570718),
('masuk-r3dBGVrEjX', 'i:9;', 1736638291),
('masuk-r5k8bAXcVO', 'i:9;', 1736662916),
('masuk-RaxaSJTxTr', 'i:9;', 1736295897),
('masuk-RClmsnYb17', 'i:8;', 1736211762),
('masuk-rFrNs27nGP', 'i:9;', 1736580610),
('masuk-rgwYGzXGQF', 'i:14;', 1736986982),
('masuk-RlNIaHrbhU', 'i:9;', 1736571833),
('masuk-Rlo4VpHgLP', 'i:9;', 1736584916),
('masuk-rnIqurt8wy', 'i:9;', 1736589982),
('masuk-RosLd4KLhS', 'i:8;', 1736211882),
('masuk-RRq5pyBBE8', 'i:8;', 1736211582),
('masuk-rUfeAi3lRU', 'i:14;', 1736382992),
('masuk-rYQ5InmSR4', 'i:5;', 1736385191),
('masuk-S2SJyXJny2', 'i:9;', 1736474040),
('masuk-s7ETyeZFdo', 'i:9;', 1736731562),
('masuk-s87RMtBETr', 'i:8;', 1736212637),
('masuk-S92VOXYrUm', 'i:8;', 1736211250),
('masuk-s9vSqwgmBF', 'i:8;', 1736212542),
('masuk-saLkm4GYdV', 'i:15;', 1736496015),
('masuk-se0fTyZNxM', 'i:8;', 1736212332),
('masuk-ShJSo4X1k6', 'i:14;', 1736297211),
('masuk-sIB17xWgtb', 'i:9;', 1736599752),
('masuk-SIUF0nD4iu', 'i:4;', 1736842844),
('masuk-SK5Q6Zr3G9', 'i:9;', 1736585754),
('masuk-slmSZYOGrX', 'i:11;', 1737333774),
('masuk-sMgfPGowU5', 'i:9;', 1736987966),
('masuk-SnxFcD7GaT', 'i:8;', 1736212547),
('masuk-spTsCsn0jU', 'i:9;', 1736579146),
('masuk-SPvsnihyh6', 'i:9;', 1736585371),
('masuk-sqYcNvNqdV', 'i:9;', 1736665166),
('masuk-sULAmiXYil', 'i:4;', 1736842844),
('masuk-SW7kuZrJjY', 'i:9;', 1736663334),
('masuk-SYMeFgkEjg', 'i:9;', 1736580884),
('masuk-t5BOsLEFTW', 'i:9;', 1736483546),
('masuk-tbTufEe0sV', 'i:5;', 1736213195),
('masuk-TbvJuqcq9n', 'i:8;', 1736212951),
('masuk-TcYAh4Zi0u', 'i:9;', 1736580556),
('masuk-tfIub12spg', 'i:9;', 1736594936),
('masuk-tfKToHlK2W', 'i:8;', 1736212187),
('masuk-tG330cfUjA', 'i:9;', 1736552559),
('masuk-TgeiU5y48B', 'i:14;', 1736814185),
('masuk-tKlVO4OZBs', 'i:14;', 1736986651),
('masuk-TM1OccUSp8', 'i:9;', 1736481355),
('masuk-tn3gEAhbJT', 'i:9;', 1736585098),
('masuk-tnAcd38L7r', 'i:9;', 1736570509),
('masuk-tnlokicQll', 'i:9;', 1736663095),
('masuk-TO3Yzo4311', 'i:8;', 1736211972),
('masuk-ToS9gMXXLU', 'i:6;', 1736221369),
('masuk-tPGzP6a59o', 'i:9;', 1736547978),
('masuk-tRY8LGrVGm', 'i:9;', 1736594824),
('masuk-txy6Ni9ScX', 'i:9;', 1736571018),
('masuk-tyWRv7NE9d', 'i:2;', 1736150401),
('masuk-TzJC1b6YzK', 'i:9;', 1736548129),
('masuk-U2kYtXd5fF', 'i:14;', 1736211639),
('masuk-U5Thgg8knW', 'i:16;', 1737332610),
('masuk-u9HdQlaYmO', 'i:5;', 1737420649),
('masuk-UcnCUhC4Bp', 'i:14;', 1736986830),
('masuk-Ugk3hoA9Qg', 'i:8;', 1736211977),
('masuk-Ujw7oBdB00', 'i:8;', 1736211225),
('masuk-UnWmlZzisI', 'i:8;', 1736212247),
('masuk-UNxEUPnAQ6', 'i:9;', 1736585476),
('masuk-uqoweaxSIf', 'i:9;', 1736715943),
('masuk-urNMvJZVnq', 'i:9;', 1736481295),
('masuk-uT0xfTwlhc', 'i:9;', 1736579176),
('masuk-uuPZckaM37', 'i:8;', 1736212775),
('masuk-uVFCgsLqtk', 'i:9;', 1736594876),
('masuk-uZprbaR9CR', 'i:7;', 1737333282),
('masuk-V84xybKhUn', 'i:9;', 1736585536),
('masuk-V8O0SqraGx', 'i:9;', 1736474010),
('masuk-vCeRm9Yyt1', 'i:9;', 1736731409),
('masuk-VcRV0r9fIj', 'i:9;', 1736571541),
('masuk-vfE9FK8Tuy', 'i:8;', 1736211619),
('masuk-vmC8XChqCO', 'i:12;', 1737505856),
('masuk-vNdzGz3vOo', 'i:9;', 1736599873),
('masuk-VqK1p433LI', 'i:9;', 1736473920),
('masuk-vqPXwdda58', 'i:9;', 1736677559),
('masuk-vR9jvjsAhN', 'i:8;', 1736211647),
('masuk-vyiqAsHTiP', 'i:8;', 1736212033),
('masuk-w0Qxd42JJY', 'i:15;', 1736222406),
('masuk-WcPzHFgVqt', 'i:5;', 1737420681),
('masuk-we8PC9RKuW', 'i:9;', 1736295960),
('masuk-WfjRf7K8BR', 'i:9;', 1736585664),
('masuk-wG2srmxVut', 'i:9;', 1736580616),
('masuk-WGBHho1xhO', 'i:8;', 1736213081),
('masuk-WM1P1yEcPe', 'i:8;', 1736212007),
('masuk-wMo3kBsERr', 'i:8;', 1736212242),
('masuk-Wnn6kSYu90', 'i:8;', 1736212888),
('masuk-wnxJFD54MV', 'i:9;', 1736486716),
('masuk-wQTzMGncxF', 'i:9;', 1736485927),
('masuk-WR01AHGihL', 'i:13;', 1736548829),
('masuk-wTgmdDSezW', 'i:9;', 1736599423),
('masuk-wvthJyuXwL', 'i:9;', 1736677726),
('masuk-WXi9ln7nzu', 'i:9;', 1736483485),
('masuk-WYW9gf5XX3', 'i:11;', 1736210469),
('masuk-x8t8SRFrMc', 'i:9;', 1736662824),
('masuk-x8tTZLQrMR', 'i:9;', 1736715502),
('masuk-X9N6qUY22h', 'i:8;', 1736211587),
('masuk-xbTeDWwT6J', 'i:9;', 1736552589),
('masuk-XC8CoGz8Ah', 'i:8;', 1736211797),
('masuk-xiFiZRMpDw', 'i:9;', 1736585394),
('masuk-xIVvTeV0Cg', 'i:8;', 1736211407),
('masuk-XJg0xuAKUq', 'i:9;', 1736579116),
('masuk-XlQdNIz3zt', 'i:8;', 1736211672),
('masuk-xlRDqD0Gkm', 'i:9;', 1736578357),
('masuk-xMD04XrUbl', 'i:9;', 1736295929),
('masuk-xNjGsq2Jnm', 'i:5;', 1736171509),
('masuk-XPNOXUFY6s', 'i:14;', 1736986638),
('masuk-xPRsrDR8Vh', 'i:8;', 1736211462),
('masuk-XpWLR87smM', 'i:9;', 1736570570),
('masuk-xYPGYNVIeE', 'i:11;', 1736210623),
('masuk-xzBINUSOG6', 'i:9;', 1736675169),
('masuk-y3EusrQ3ht', 'i:10;', 1736469951),
('masuk-y6hjKYo3uR', 'i:9;', 1736578416),
('masuk-Y8gsxYkwVN', 'i:15;', 1736222496),
('masuk-Y9sKXbHHs0', 'i:9;', 1736675199),
('masuk-YccNaFXXwf', 'i:9;', 1736570626),
('masuk-Yh2AzIcIEN', 'i:9;', 1736485866),
('masuk-YJSg2cNSKD', 'i:9;', 1736639199),
('masuk-Yo9YJ6Q49P', 'i:9;', 1736552334),
('masuk-Ypav9WSyDc', 'i:8;', 1736211467),
('masuk-ypuYpmdyoV', 'i:9;', 1736715575),
('masuk-Yvusr3BL9j', 'i:9;', 1736473980),
('masuk-yWYhsjhLGO', 'i:9;', 1736590029),
('masuk-yZNQeKJPgc', 'i:9;', 1736675289),
('masuk-yZZ5viGiXt', 'i:9;', 1736589999),
('masuk-z4Rnwq2CIM', 'i:9;', 1736663034),
('masuk-z5Qoh8eCFX', 'i:14;', 1736986731),
('masuk-Z7JXzk9DQK', 'i:8;', 1736211857),
('masuk-z819644kzk', 'i:8;', 1736211732),
('masuk-ZacIzncYsd', 'i:9;', 1736675416),
('masuk-ZHgcH8R2FD', 'i:14;', 1736211478),
('masuk-ZjpgzDNtNh', 'i:9;', 1736585815),
('masuk-ZjZgVO746S', 'i:9;', 1736483438),
('masuk-zlefQ47F8M', 'i:11;', 1736210501),
('masuk-zOIIPRriUk', 'i:5;', 1737505542),
('masuk-ZPqQb7q9uF', 'i:9;', 1736663156),
('masuk-ZR1NMlmQ8p', 'i:9;', 1736548068),
('masuk-zRakrHDDyw', 'i:15;', 1736222376),
('masuk-ZsLkXjccdY', 'i:8;', 1736211677),
('MFxd1qPjZI', 'i:1;', 1730883025),
('mw7ssu1vmb', 'i:1;', 1730865783),
('mWLB81Ekup', 'i:1;', 1730860593),
('N4HU4wUAEr', 'i:1;', 1730883325),
('NIYLNJqPQw', 'i:1;', 1730864743),
('nryLnZGYPt', 'i:1;', 1730865882),
('NvjsRIRigp', 'i:1;', 1730862659),
('nyja5VlMrB', 'i:1;', 1730862004),
('O248quZTk8', 'i:1;', 1730860599),
('OhYGSW4T5w', 'i:1;', 1730882965),
('oLOCF5fzSt', 'i:1;', 1730863145),
('oVcT34ahZD', 'i:1;', 1730881765),
('pf3IHMY1Zs', 'i:1;', 1730861854),
('PGnMfe9HIT', 'i:1;', 1730865641),
('pIBrFuSfY2', 'i:1;', 1730881383),
('pK5jKKXF5u', 'i:1;', 1730862094),
('PsJWSDTSYu', 'i:1;', 1730862704),
('Q6BAx4qHOQ', 'i:1;', 1730862587),
('QaMHUzD70K', 'i:1;', 1730862062),
('QfzxEY3KSB', 'i:1;', 1730881322),
('qiwF5kzHTR', 'i:1;', 1730865109),
('QksNexLaoe', 'i:1;', 1730865482),
('Qr5PcJVfG5', 'i:1;', 1730881467),
('QTWqSpSrQp', 'i:1;', 1730865389),
('qxJMID4LWh', 'i:1;', 1730863776),
('qzv7gAQtxv', 'i:1;', 1730860587),
('rclAPMfbfA', 'i:1;', 1730862721),
('rGtpu63qM9', 'i:1;', 1730881525),
('riofR8wn6U', 'i:1;', 1730882365),
('rkoptZCp5h', 'i:1;', 1730864245),
('rO7QIkCyHm', 'i:1;', 1730865266),
('RrlsEGSr07', 'i:1;', 1730864902),
('rUwhMxdm3u', 'i:1;', 1730883205),
('s5ELCnPQfd', 'i:1;', 1730882725),
('sAkm9d099n', 'i:1;', 1730863646),
('slH1pA86Wl', 'i:1;', 1730862673),
('SncbI8928x', 'i:1;', 1730861913),
('SOQRzDuIkm', 'i:1;', 1730863806),
('SxSympR1Px', 'i:1;', 1730862979),
('tAQrs5I6bl', 'i:1;', 1730864713),
('TdOxrtVRpA', 'i:1;', 1730863761),
('Teasq3Ygxl', 'i:1;', 1730864494),
('TsK1gUKNIc', 'i:1;', 1730864585),
('U4wHkczizs', 'i:1;', 1730865622),
('UAnlHDCOj3', 'i:1;', 1730881262),
('uHfehjjffM', 'i:1;', 1730862888),
('UIovS1umXb', 'i:1;', 1730865742),
('UipyW9hVAo', 'i:1;', 1730864763),
('UOGlDjCLDP', 'i:1;', 1730864814),
('uXX8f0MaTV', 'i:1;', 1730865565),
('v33FCBziMs', 'i:1;', 1730865709),
('Vah7oJdIEq', 'i:1;', 1730865169),
('VDVZw7drJo', 'i:1;', 1730862153),
('VG2kx8huhB', 'i:1;', 1730864959),
('VjexO3kH1x', 'i:1;', 1730863528),
('VpnQWEEzyZ', 'i:1;', 1730863055),
('vTYJ4rasG2', 'i:1;', 1730882665),
('vv5LRBlhfa', 'i:1;', 1730883145),
('vxrBwQu7GR', 'i:1;', 1730882065),
('vYASJIU46l', 'i:1;', 1730865505),
('VYXQ4lwJHt', 'i:1;', 1730865670),
('w21wL37nxg', 'i:1;', 1730865273),
('waqxrPWsC4', 'i:1;', 1730865216),
('wdeiGsooGs', 'i:1;', 1730944397),
('wJmuecY1rY', 'i:1;', 1730881244),
('WKkQlH0fKx', 'i:1;', 1730865662),
('wTYtXF5p7W', 'i:1;', 1730944363),
('WYOEcicPGf', 'i:1;', 1730881645),
('x1qC6t9s3f', 'i:1;', 1730862918),
('xcJyFNeSd3', 'i:1;', 1730883085),
('XlywEbVWt7', 'i:1;', 1730862762),
('xNQKftMQvJ', 'i:1;', 1730864990),
('xyoWwKl0GI', 'i:1;', 1730865629),
('y5mdJEQ3YW', 'i:1;', 1730862798),
('YAThhYdICf', 'i:1;', 1730865445),
('YgpzwhV6ou', 'i:1;', 1730865307),
('yZsD3F7cJI', 'i:1;', 1730881354),
('z1uvQIUWiC', 'i:1;', 1730864652),
('ZclGb6bUrr', 'i:1;', 1730882605),
('ZDIcwhGYp9', 'i:1;', 1730865246),
('Zl0JuLePQH', 'i:1;', 1730862635),
('zp89noBvI5', 'i:1;', 1730863890),
('zpoMn8JAiP', 'i:1;', 1730865185),
('zQPvq2cFe6', 'i:1;', 1730865049),
('zQrYarVqYw', 'i:1;', 1730863049);

-- --------------------------------------------------------

--
-- Table structure for table `cache_locks`
--

CREATE TABLE `cache_locks` (
  `key` varchar(255) NOT NULL,
  `owner` varchar(255) NOT NULL,
  `expiration` int(11) NOT NULL
) ENGINE=InnoDB DEFAULT CHARSET=utf8mb4 COLLATE=utf8mb4_unicode_ci;

-- --------------------------------------------------------

--
-- Table structure for table `failed_jobs`
--

CREATE TABLE `failed_jobs` (
  `id` bigint(20) UNSIGNED NOT NULL,
  `uuid` varchar(255) NOT NULL,
  `connection` text NOT NULL,
  `queue` text NOT NULL,
  `payload` longtext NOT NULL,
  `exception` longtext NOT NULL,
  `failed_at` timestamp NOT NULL DEFAULT current_timestamp()
) ENGINE=InnoDB DEFAULT CHARSET=utf8mb4 COLLATE=utf8mb4_unicode_ci;

-- --------------------------------------------------------

--
-- Table structure for table `gaji`
--

CREATE TABLE `gaji` (
  `id_gaji` bigint(20) UNSIGNED NOT NULL,
  `id_pegawai` bigint(20) UNSIGNED NOT NULL,
  `gaji_pokok` int(10) UNSIGNED NOT NULL,
  `tunjangan` int(10) UNSIGNED NOT NULL,
  `rekening` varchar(20) DEFAULT NULL,
  `nama_bank` varchar(50) DEFAULT NULL,
  `created_at` timestamp NULL DEFAULT NULL,
  `updated_at` timestamp NULL DEFAULT NULL
) ENGINE=InnoDB DEFAULT CHARSET=utf8mb4 COLLATE=utf8mb4_unicode_ci;

-- --------------------------------------------------------

--
-- Table structure for table `jadwal`
--

CREATE TABLE `jadwal` (
  `id_jadwal` bigint(20) UNSIGNED NOT NULL,
  `nama_jadwal` varchar(50) NOT NULL,
  `is_jadwal_default` tinyint(1) NOT NULL DEFAULT 0,
  `created_at` timestamp NULL DEFAULT NULL,
  `updated_at` timestamp NULL DEFAULT NULL
) ENGINE=InnoDB DEFAULT CHARSET=utf8mb4 COLLATE=utf8mb4_unicode_ci;

--
-- Dumping data for table `jadwal`
--

INSERT INTO `jadwal` (`id_jadwal`, `nama_jadwal`, `is_jadwal_default`, `created_at`, `updated_at`) VALUES
(2, 'Jadwal Kantor', 0, '2025-01-05 22:45:35', '2025-01-05 22:45:35');

-- --------------------------------------------------------

--
-- Table structure for table `jadwal_pegawai`
--

CREATE TABLE `jadwal_pegawai` (
  `id_pegawai` bigint(20) UNSIGNED NOT NULL,
  `id_jadwal` bigint(20) UNSIGNED NOT NULL,
  `created_at` timestamp NULL DEFAULT NULL,
  `updated_at` timestamp NULL DEFAULT NULL
) ENGINE=InnoDB DEFAULT CHARSET=utf8mb4 COLLATE=utf8mb4_unicode_ci;

--
-- Dumping data for table `jadwal_pegawai`
--

INSERT INTO `jadwal_pegawai` (`id_pegawai`, `id_jadwal`, `created_at`, `updated_at`) VALUES
(1, 2, NULL, NULL),
(2, 2, NULL, NULL),
(3, 2, NULL, NULL),
(4, 2, NULL, NULL),
(5, 2, NULL, NULL),
(6, 2, NULL, NULL),
(7, 2, NULL, NULL),
(8, 2, NULL, NULL),
(9, 2, NULL, NULL),
(10, 2, NULL, NULL),
(11, 2, NULL, NULL),
(12, 2, NULL, NULL),
(13, 2, NULL, NULL),
(14, 2, NULL, NULL),
(15, 2, NULL, NULL);

-- --------------------------------------------------------

--
-- Table structure for table `jadwal_shift`
--

CREATE TABLE `jadwal_shift` (
  `id_jadwal_shift` bigint(20) UNSIGNED NOT NULL,
  `id_shift` bigint(20) UNSIGNED NOT NULL,
  `id_jadwal` bigint(20) UNSIGNED NOT NULL,
  `hari` enum('Senin','Selasa','Rabu','Kamis','Jumat','Sabtu','Minggu') NOT NULL,
  `created_at` timestamp NULL DEFAULT NULL,
  `updated_at` timestamp NULL DEFAULT NULL
) ENGINE=InnoDB DEFAULT CHARSET=utf8mb4 COLLATE=utf8mb4_unicode_ci;

--
-- Dumping data for table `jadwal_shift`
--

INSERT INTO `jadwal_shift` (`id_jadwal_shift`, `id_shift`, `id_jadwal`, `hari`, `created_at`, `updated_at`) VALUES
(3, 1, 2, 'Rabu', '2025-01-05 22:45:35', '2025-01-05 22:45:35'),
(4, 1, 2, 'Senin', '2025-01-05 22:45:35', '2025-01-05 22:45:35'),
(5, 1, 2, 'Selasa', '2025-01-05 22:45:35', '2025-01-05 22:45:35'),
(6, 1, 2, 'Kamis', '2025-01-05 22:45:35', '2025-01-05 22:45:35'),
(7, 1, 2, 'Jumat', '2025-01-05 22:45:35', '2025-01-05 22:45:35'),
(8, 2, 2, 'Sabtu', '2025-01-05 22:45:35', '2025-01-05 22:45:35'),
(9, 2, 2, 'Minggu', '2025-01-05 22:45:35', '2025-01-05 22:45:35');

-- --------------------------------------------------------

--
-- Table structure for table `jobs`
--

CREATE TABLE `jobs` (
  `id` bigint(20) UNSIGNED NOT NULL,
  `queue` varchar(255) NOT NULL,
  `payload` longtext NOT NULL,
  `attempts` tinyint(3) UNSIGNED NOT NULL,
  `reserved_at` int(10) UNSIGNED DEFAULT NULL,
  `available_at` int(10) UNSIGNED NOT NULL,
  `created_at` int(10) UNSIGNED NOT NULL
) ENGINE=InnoDB DEFAULT CHARSET=utf8mb4 COLLATE=utf8mb4_unicode_ci;

-- --------------------------------------------------------

--
-- Table structure for table `job_batches`
--

CREATE TABLE `job_batches` (
  `id` varchar(255) NOT NULL,
  `name` varchar(255) NOT NULL,
  `total_jobs` int(11) NOT NULL,
  `pending_jobs` int(11) NOT NULL,
  `failed_jobs` int(11) NOT NULL,
  `failed_job_ids` longtext NOT NULL,
  `options` mediumtext DEFAULT NULL,
  `cancelled_at` int(11) DEFAULT NULL,
  `created_at` int(11) NOT NULL,
  `finished_at` int(11) DEFAULT NULL
) ENGINE=InnoDB DEFAULT CHARSET=utf8mb4 COLLATE=utf8mb4_unicode_ci;

-- --------------------------------------------------------

--
-- Table structure for table `kehadiran`
--

CREATE TABLE `kehadiran` (
  `id_kehadiran` bigint(20) UNSIGNED NOT NULL,
  `id_pegawai` bigint(20) UNSIGNED NOT NULL,
  `kode_kehadiran` varchar(6) DEFAULT NULL,
  `tgl_kehadiran` date NOT NULL,
  `jam_masuk` time DEFAULT NULL,
  `jam_keluar` time DEFAULT NULL,
  `status` enum('Hadir','Tidak hadir','Terlambat','Izin') NOT NULL
) ENGINE=InnoDB DEFAULT CHARSET=utf8mb4 COLLATE=utf8mb4_unicode_ci;

--
-- Dumping data for table `kehadiran`
--

INSERT INTO `kehadiran` (`id_kehadiran`, `id_pegawai`, `kode_kehadiran`, `tgl_kehadiran`, `jam_masuk`, `jam_keluar`, `status`) VALUES
(1, 5, 'wv4VZC', '2024-01-07', '08:00:00', '09:00:00', 'Hadir'),
(2, 9, 'Ub6zen', '2025-01-07', '08:19:03', '17:50:48', 'Hadir'),
(3, 3, '3CWiCm', '2025-01-07', '08:22:52', '08:00:00', 'Hadir'),
(4, 2, 's4ybel', '2025-01-07', '08:24:39', '08:00:00', 'Hadir'),
(5, 12, 'lhk7Da', '2025-01-07', '08:25:02', '08:00:00', 'Hadir'),
(6, 1, NULL, '2024-09-25', '08:00:00', '08:00:00', 'Hadir'),
(7, 4, NULL, '2025-01-07', '09:01:18', '09:30:18', 'Terlambat'),
(8, 5, NULL, '2025-01-07', '07:32:25', '17:32:25', 'Hadir'),
(9, 13, NULL, '2025-01-07', '08:38:52', '17:34:52', 'Terlambat'),
(10, 11, NULL, '2025-01-07', '08:38:22', '17:35:22', 'Terlambat'),
(11, 10, NULL, '2025-01-07', '08:35:14', '17:37:14', 'Terlambat'),
(12, 8, NULL, '2025-01-07', '08:40:39', '17:37:39', 'Terlambat'),
(13, 7, NULL, '2025-01-07', '09:00:01', '17:38:01', 'Hadir'),
(14, 14, NULL, '2025-01-07', '08:50:32', '17:38:32', 'Hadir'),
(15, 1, '773JuA', '2025-01-07', '14:06:02', NULL, 'Terlambat'),
(16, 15, 'JF3mDz', '2025-01-07', '14:23:10', '14:24:46', 'Terlambat'),
(17, 9, 'caNGmJ', '2025-01-08', '08:26:17', '17:19:01', 'Hadir'),
(18, 12, 'gIRDGO', '2025-01-08', '08:26:40', '17:01:06', 'Hadir'),
(19, 11, 'HqkBzA', '2025-01-08', '08:27:26', '15:02:54', 'Hadir'),
(20, 3, '0GoOZb', '2025-01-08', '08:28:21', NULL, 'Hadir'),
(21, 7, 'yfQKkL', '2025-01-08', '08:29:58', '17:01:26', 'Hadir'),
(22, 10, 'S6WYgA', '2025-01-08', '08:35:28', '17:19:58', 'Terlambat'),
(23, 2, 'aFFD0i', '2025-01-08', '08:37:00', '17:23:31', 'Terlambat'),
(24, 13, 'HBfwQl', '2025-01-08', '08:38:19', '17:05:12', 'Terlambat'),
(25, 5, '1RQdhm', '2025-01-08', '08:38:45', NULL, 'Terlambat'),
(26, 14, 'OwI90q', '2025-01-08', '08:47:10', '17:01:38', 'Terlambat'),
(27, 8, 'EVbH6h', '2025-01-08', '08:50:10', '17:24:32', 'Terlambat'),
(28, 4, NULL, '2025-01-08', '09:00:29', NULL, 'Terlambat'),
(30, 9, NULL, '2025-01-09', '08:30:30', NULL, 'Hadir'),
(33, 7, NULL, '2025-01-09', '08:29:43', NULL, 'Hadir'),
(34, 14, NULL, '2025-01-09', '08:34:27', '08:00:00', 'Terlambat'),
(35, 13, NULL, '2025-01-09', '08:29:14', NULL, 'Hadir'),
(36, 12, NULL, '2025-01-09', '08:26:41', NULL, 'Hadir'),
(37, 6, 'lwF0cO', '2025-01-09', '08:42:59', NULL, 'Terlambat'),
(38, 10, 'FZIBtz', '2025-01-09', '08:44:16', NULL, 'Terlambat'),
(39, 8, '603kTI', '2025-01-09', '08:57:38', NULL, 'Terlambat'),
(40, 4, NULL, '2025-01-09', '09:04:29', NULL, 'Terlambat'),
(41, 3, NULL, '2025-01-09', '08:08:45', NULL, 'Hadir'),
(42, 5, 'bnPDkp', '2025-01-09', '09:13:14', NULL, 'Terlambat'),
(43, 5, 'Hbeuss', '2025-01-10', '08:27:52', NULL, 'Hadir'),
(44, 12, 'pDC82k', '2025-01-10', '08:28:10', '17:12:48', 'Hadir'),
(45, 13, '2tNrfF', '2025-01-10', '08:29:40', '17:06:21', 'Hadir'),
(46, 7, 'd2kQTr', '2025-01-10', '08:31:21', '17:06:44', 'Terlambat'),
(47, 10, 'xpmLZ1', '2025-01-10', '08:45:36', '17:14:01', 'Terlambat'),
(48, 2, NULL, '2025-01-10', '08:01:08', NULL, 'Hadir'),
(49, 3, NULL, '2025-01-10', '08:01:26', NULL, 'Hadir'),
(50, 4, NULL, '2025-01-10', '08:59:41', '13:30:41', 'Terlambat'),
(51, 8, NULL, '2025-01-10', '09:02:59', '17:13:52', 'Hadir'),
(52, 9, NULL, '2025-01-10', '08:48:42', '17:13:56', 'Terlambat'),
(53, 14, NULL, '2025-01-10', '08:46:13', NULL, 'Terlambat'),
(54, 15, NULL, '2025-01-10', '10:04:54', '17:15:42', 'Terlambat'),
(55, 2, NULL, '2025-01-13', '08:37:19', '17:24:31', 'Terlambat'),
(56, 12, NULL, '2025-01-13', '08:29:46', '17:28:49', 'Hadir'),
(57, 11, NULL, '2025-01-13', '08:35:04', '17:28:54', 'Terlambat'),
(58, 14, NULL, '2025-01-13', '08:30:21', '17:28:41', 'Hadir'),
(59, 10, NULL, '2025-01-13', '08:30:45', '17:28:10', 'Hadir'),
(60, 5, 'kZB532', '2025-01-13', '08:55:02', '17:24:42', 'Terlambat'),
(61, 4, NULL, '2025-01-13', '09:01:03', '17:24:37', 'Terlambat'),
(63, 6, NULL, '2025-01-13', '09:38:53', '17:29:17', 'Terlambat'),
(64, 3, NULL, '2025-01-13', '12:26:29', '17:27:44', 'Terlambat'),
(65, 7, NULL, '2025-01-13', '08:26:52', '17:27:52', 'Hadir'),
(66, 2, 'yZupsQ', '2025-01-14', '08:22:18', '17:10:02', 'Hadir'),
(67, 3, 'fOYysd', '2025-01-14', '08:22:50', NULL, 'Hadir'),
(68, 14, '8SLoDL', '2025-01-14', '08:22:56', '17:11:04', 'Hadir'),
(69, 9, 'Q8Alod', '2025-01-14', '08:23:16', NULL, 'Hadir'),
(70, 7, 'Rv27k9', '2025-01-14', '08:28:13', '17:08:36', 'Hadir'),
(71, 5, 'Wy2RPd', '2025-01-14', '08:29:58', NULL, 'Hadir'),
(72, 10, 'aQQ16I', '2025-01-14', '08:35:16', '17:09:57', 'Terlambat'),
(73, 12, '3Dp3Hs', '2025-01-14', '08:35:18', '17:12:15', 'Terlambat'),
(74, 8, 'lFGSgi', '2025-01-14', '08:35:21', '17:12:34', 'Terlambat'),
(75, 13, 'vn9pyl', '2025-01-14', '08:40:09', '17:12:20', 'Terlambat'),
(76, 11, 'mlZGTv', '2025-01-14', '08:40:43', '17:12:22', 'Terlambat'),
(77, 4, NULL, '2025-01-14', '08:35:41', '17:08:28', 'Terlambat'),
(78, 3, 'KlzrBD', '2025-01-15', '08:08:45', NULL, 'Hadir'),
(79, 7, 'kXbYtt', '2025-01-15', '08:27:38', NULL, 'Hadir'),
(80, 5, 'COLBmR', '2025-01-15', '08:28:26', NULL, 'Hadir'),
(81, 12, 'nuCbUf', '2025-01-15', '08:32:12', NULL, 'Terlambat'),
(82, 14, 'V7XRJ9', '2025-01-15', '08:35:17', NULL, 'Terlambat'),
(83, 11, 'SkAPtR', '2025-01-15', '08:39:48', NULL, 'Terlambat'),
(84, 10, 'flQR11', '2025-01-15', '08:48:40', NULL, 'Terlambat'),
(85, 2, '3HBYyK', '2025-01-15', '08:42:10', NULL, 'Terlambat'),
(86, 4, '44gIWx', '2025-01-15', '08:40:52', NULL, 'Terlambat'),
(87, 9, '30kAOT', '2025-01-15', '08:55:47', NULL, 'Terlambat'),
(88, 8, 'Mug8pY', '2025-01-15', '08:58:08', NULL, 'Terlambat'),
(89, 13, 'R2C1jT', '2025-01-15', '09:05:17', NULL, 'Terlambat'),
(90, 2, 'lZebbj', '2025-01-16', '08:12:12', '17:15:47', 'Hadir'),
(91, 3, 'wixkPu', '2025-01-16', '08:22:12', NULL, 'Hadir'),
(92, 14, 'YvYp7j', '2025-01-16', '08:22:37', '17:03:07', 'Hadir'),
(93, 7, '4IzZXs', '2025-01-16', '08:27:04', '17:07:35', 'Hadir'),
(94, 10, 'V6xpAA', '2025-01-16', '08:29:16', '17:06:53', 'Hadir'),
(95, 12, 'CNQx2h', '2025-01-16', '08:30:04', '17:03:30', 'Terlambat'),
(96, 8, '6rv9VP', '2025-01-16', '08:38:41', '17:08:42', 'Terlambat'),
(97, 13, 'rdL6Hf', '2025-01-16', '08:39:02', NULL, 'Terlambat'),
(98, 9, 'gKjt0j', '2025-01-16', '08:39:04', '17:06:32', 'Terlambat'),
(99, 11, 'ByFDpV', '2025-01-16', '08:39:29', '17:03:23', 'Terlambat'),
(100, 5, 'Bd8Anx', '2025-01-16', '08:46:07', NULL, 'Terlambat'),
(101, 4, '6xagj7', '2025-01-16', '08:49:14', NULL, 'Terlambat'),
(102, 6, 'YvaXDp', '2025-01-16', '09:21:51', '17:15:59', 'Terlambat'),
(103, 16, NULL, '2025-01-17', '07:29:35', '17:05:41', 'Hadir'),
(104, 16, NULL, '2025-01-17', '07:29:35', NULL, 'Hadir'),
(105, 3, 'TjHYjC', '2025-01-17', '08:27:32', NULL, 'Hadir'),
(106, 7, 'KmkeNz', '2025-01-17', '08:29:50', '17:04:49', 'Hadir'),
(107, 8, 'icVErw', '2025-01-17', '08:34:28', NULL, 'Terlambat'),
(108, 5, '0ZYnaX', '2025-01-17', '08:43:23', NULL, 'Terlambat'),
(109, 4, 'Ax4G5K', '2025-01-17', '09:17:15', '17:03:22', 'Terlambat'),
(110, 14, 'wYkuWu', '2025-01-17', '09:46:00', '17:06:51', 'Terlambat'),
(111, 12, 'Px5NuQ', '2025-01-17', '09:46:05', '17:07:23', 'Terlambat'),
(112, 11, 'l0UWFg', '2025-01-17', '09:46:10', '17:06:48', 'Terlambat'),
(113, 10, 'ERdFap', '2025-01-17', '10:03:11', '17:10:05', 'Terlambat'),
(114, 9, 'weVyxT', '2025-01-17', '10:03:39', NULL, 'Terlambat'),
(115, 6, '5YgmJi', '2025-01-17', '10:05:25', NULL, 'Terlambat'),
(116, 2, 'POh7IP', '2025-01-17', '10:11:39', '17:16:22', 'Terlambat'),
(117, 13, 'jbNDTa', '2025-01-17', '11:18:54', '17:03:24', 'Terlambat'),
(118, 12, 'ah3yaU', '2025-01-20', '08:41:10', '17:06:07', 'Terlambat'),
(119, 16, NULL, '2025-01-20', '07:42:36', '17:11:00', 'Hadir'),
(120, 11, 'xeAWY6', '2025-01-20', '08:28:42', '17:03:14', 'Terlambat'),
(121, 14, 'xZhrhf', '2025-01-20', '08:29:35', '17:03:28', 'Terlambat'),
(122, 10, 'Aacn1c', '2025-01-20', '08:43:49', NULL, 'Terlambat'),
(123, 7, '0vNUnE', '2025-01-20', '08:27:04', '17:13:52', 'Terlambat'),
(124, 5, '4phnSM', '2025-01-20', '08:45:22', NULL, 'Terlambat'),
(125, 2, NULL, '2025-01-20', '08:14:15', NULL, 'Hadir'),
(126, 13, 'NqTx9Y', '2025-01-20', '08:58:30', NULL, 'Terlambat'),
(127, 4, '0vBdlx', '2025-01-20', '08:58:45', '17:13:42', 'Terlambat'),
(128, 9, 'k249Lf', '2025-01-20', '09:06:59', NULL, 'Terlambat'),
(129, 8, 'MKcy76', '2025-01-20', '09:13:17', '17:14:31', 'Terlambat'),
(130, 3, 'bPlALl', '2025-01-20', '09:34:56', '17:03:43', 'Terlambat'),
(131, 6, '2HCiGu', '2025-01-20', '10:06:30', '17:07:06', 'Terlambat'),
(132, 5, 'hSH5JJ', '2025-01-21', '08:51:49', NULL, 'Terlambat'),
(133, 12, 'J4X93i', '2025-01-21', '08:52:53', '17:08:32', 'Terlambat'),
(134, 11, 'eNIQ3e', '2025-01-21', '08:52:57', '17:08:38', 'Terlambat'),
(135, 14, 'DxAfMJ', '2025-01-21', '08:53:01', '17:07:42', 'Terlambat'),
(136, 10, '4h63Ko', '2025-01-21', '08:56:19', '17:11:36', 'Terlambat'),
(137, 13, 'nVDcgQ', '2025-01-21', '08:58:22', '17:10:07', 'Terlambat'),
(138, 16, NULL, '2025-01-21', '07:59:48', '17:11:08', 'Hadir'),
(139, 9, 'j91Ifj', '2025-01-21', '09:03:20', '17:10:11', 'Terlambat'),
(140, 8, 'teqITW', '2025-01-21', '09:23:59', NULL, 'Terlambat'),
(141, 7, 'rxVKzG', '2025-01-21', '09:40:12', NULL, 'Terlambat'),
(142, 2, NULL, '2025-01-21', '08:43:33', '17:12:33', 'Terlambat'),
(143, 16, NULL, '2025-01-22', '07:50:30', NULL, 'Hadir'),
(144, 14, 'KzHO0C', '2025-01-22', '08:19:36', NULL, 'Hadir'),
(145, 3, '2l5X3v', '2025-01-22', '08:24:01', NULL, 'Hadir'),
(146, 5, NULL, '2025-01-22', '08:27:16', NULL, 'Hadir'),
(147, 10, 'PbtTi6', '2025-01-22', '08:28:01', NULL, 'Hadir'),
(148, 7, 'O5jkcN', '2025-01-22', '08:28:11', NULL, 'Hadir'),
(149, 9, 'f1sIhR', '2025-01-22', '08:31:39', NULL, 'Terlambat'),
(150, 11, 'Yovp3j', '2025-01-22', '08:31:57', NULL, 'Terlambat'),
(151, 2, NULL, '2025-01-22', '08:42:29', NULL, 'Terlambat'),
(152, 4, '3IQ7X4', '2025-01-22', '08:57:16', NULL, 'Terlambat'),
(153, 8, 'PuSqib', '2025-01-22', '09:02:06', NULL, 'Terlambat'),
(154, 12, NULL, '2025-01-22', '08:01:47', NULL, 'Hadir');

-- --------------------------------------------------------

--
-- Table structure for table `migrations`
--

CREATE TABLE `migrations` (
  `id` int(10) UNSIGNED NOT NULL,
  `migration` varchar(255) NOT NULL,
  `batch` int(11) NOT NULL
) ENGINE=InnoDB DEFAULT CHARSET=utf8mb4 COLLATE=utf8mb4_unicode_ci;

--
-- Dumping data for table `migrations`
--

INSERT INTO `migrations` (`id`, `migration`, `batch`) VALUES
(1, '0001_01_01_000000_create_users_table', 1),
(2, '0001_01_01_000001_create_cache_table', 1),
(3, '0001_01_01_000002_create_jobs_table', 1),
(4, '2024_09_11_070133_create_personal_access_tokens_table', 1),
(5, '2024_09_12_113141_create_pegawai_table', 1),
(6, '2024_09_18_074300_create_kehadiran_table', 1),
(7, '2024_09_18_074334_create_shift_kerja_table', 1),
(8, '2024_09_19_110436_create_gaji_table', 1),
(9, '2024_09_19_114525_create_payroll_table', 1),
(10, '2024_10_04_160327_create_shift_table', 1),
(11, '2024_10_08_101055_create_table_jadwal', 1),
(12, '2024_10_08_101102_create_table_jadwal_shift', 1),
(13, '2024_10_08_142846_create_table_jadwal_pegawai', 1);

-- --------------------------------------------------------

--
-- Table structure for table `password_reset_tokens`
--

CREATE TABLE `password_reset_tokens` (
  `email` varchar(255) NOT NULL,
  `token` varchar(255) NOT NULL,
  `created_at` timestamp NULL DEFAULT NULL
) ENGINE=InnoDB DEFAULT CHARSET=utf8mb4 COLLATE=utf8mb4_unicode_ci;

--
-- Dumping data for table `password_reset_tokens`
--

INSERT INTO `password_reset_tokens` (`email`, `token`, `created_at`) VALUES
('adzkiyahproperti@gmail.com', 'JGlHYADclifJDOW92LeSGnHZ6estQnhsqGCl0zJkuG9pzfJqaACuF3IGmDaH3UrI', NULL),
('alwidahlan2709@gmail.com', 'S4BVwMi2RNzYYPG3e92D6HghseNrD1gzfDBwPj5LrZH3k7m8pvESXxKHaRA7UYjP', NULL),
('aulia02.naz@gmail.com', 'Vqgp2zyvpKjXCdAQV7Y8fXwukzMn7ZWVl9EBkhCLJhqfiluSedRs9J7r9VpchsSL', NULL),
('ekdhrm07@gmail.com', 'A3QiZnCLlGhahvrMxrcn19XfauIdTq8xF3oDex8BF3vechHLROZmBoUKw0JKP2PP', NULL),
('farouk07890@gmail.com', 'UgByctNYS8HQvyD8OlteORp4swhqRBMRiCBKC7vDgAx8y2iEFhAmXlr8fKvE8MJC', NULL),
('farreluken@gmail.com', 'k6Ei1VIwjzxOB5bR7PZDVALScZjKDi75EGo7TVqafi4LAmiAfm6Ry9K4YXFdokNY', NULL),
('muh.mahatma@gmail.com', 'p64xAoM9dY3GpdJXWM5XqECRdSJwQLpHz4YT5UKjK5cv1nRNoNmfrh8lJREccoRX', NULL),
('nadhirailmii@gmail.com', 'orPvq6fgZ5eLghfSYfSJ74VPWXIhZGOCvo4KWVJtui7p7b0bMqROokfq74I3LOFS', NULL),
('nurulkhasana.028@gmail.com', 'E6TwdGQgpEhAzgpH5uiFYjHEqfSo82Wouq22zwnZPjWDYzkWVouGi7Sis6Jf3d9p', NULL),
('nurulmusdalifah30@gmail.com', 'FFVlOqIA1c0KHn0ak4bS6yxqMm37sqKnMuSjx9KYSLogc1HFoCsX4sDIrYSNhcao', NULL),
('perdidev@gmail.com', 'gsYjLnrZPNzI7EDWiuvBp40wM7xjFECtZuiy2J7kvl6WxXCml3n2ovsouFEHu1Mm', NULL),
('rigelichy@gmail.com', 'pwe5n1vA4gX7bTl15nHiwyYW5VgMt8l2vf0uvRJ4v5UFXkR5WVrbSEk6DxnuuMLC', NULL),
('ririnnurfitrah11@gmail.com', 'He68qQ1lUm823ErSBUbGEo9cRPlBkBcp4s6SLsh30ndNvh6dGPhxfid3EkdIM0XQ', NULL),
('silvanisiska286@gmail.com', 'yoqbRCzkmWhu2er2x41QARCiRbgNkdXY8rSoqcdEyugPRMeSMYZHBe1BD16UkhbU', NULL),
('syaifulharbiansyah30@gmail.com', 'c3KhYQDkMjimawuVTWWnifn9aWuxJP3JFklsxm7FI46oihlPeXogbyQACBwGuLM5', NULL),
('user@gmail.com', 'hFxrDry4Zj4o8APyrZbimqmiffm2pbWf3HY8wSVB1Tj60LvxTtyARsl7i8EJat5b', NULL),
('yanoex98@gmail.com', 'uRfW3G3oKuTNNqSZqBGIVkantJpBEGOu2pC2vvAOf85TBKGaplhDbNolSchMLEeJ', NULL);

-- --------------------------------------------------------

--
-- Table structure for table `payroll`
--

CREATE TABLE `payroll` (
  `id_payroll` bigint(20) UNSIGNED NOT NULL,
  `id_pegawai` bigint(20) UNSIGNED NOT NULL,
  `periode` date NOT NULL,
  `potongan` int(11) NOT NULL,
  `total_pembayaran` int(11) NOT NULL,
  `tanggal_bayar` date NOT NULL,
  `created_at` timestamp NULL DEFAULT NULL,
  `updated_at` timestamp NULL DEFAULT NULL
) ENGINE=InnoDB DEFAULT CHARSET=utf8mb4 COLLATE=utf8mb4_unicode_ci;

-- --------------------------------------------------------

--
-- Table structure for table `pegawai`
--

CREATE TABLE `pegawai` (
  `id_pegawai` bigint(20) UNSIGNED NOT NULL,
  `id_user` bigint(20) UNSIGNED NOT NULL,
  `nama_lengkap` varchar(100) NOT NULL,
  `nik` varchar(16) NOT NULL,
  `jk` varchar(1) NOT NULL,
  `tgl_lahir` date NOT NULL,
  `tempat_lahir` varchar(100) NOT NULL,
  `agama` enum('islam','kristen','katolik','hindu','buddha','konghucu') NOT NULL,
  `gol_darah` enum('A','B','AB','O','A+','B+','AB+','O+','A-','B-','AB-','O-') NOT NULL,
  `pendidikan` varchar(100) NOT NULL,
  `kontak_darurat` varchar(16) NOT NULL,
  `mulai_kerja` date NOT NULL,
  `jabatan` varchar(100) NOT NULL,
  `rekening` varchar(100) NOT NULL,
  `alamat` varchar(100) NOT NULL,
  `no_telp` varchar(16) NOT NULL,
  `created_at` timestamp NULL DEFAULT NULL,
  `updated_at` timestamp NULL DEFAULT NULL
) ENGINE=InnoDB DEFAULT CHARSET=utf8mb4 COLLATE=utf8mb4_unicode_ci;

--
-- Dumping data for table `pegawai`
--

INSERT INTO `pegawai` (`id_pegawai`, `id_user`, `nama_lengkap`, `nik`, `jk`, `tgl_lahir`, `tempat_lahir`, `agama`, `gol_darah`, `pendidikan`, `kontak_darurat`, `mulai_kerja`, `jabatan`, `rekening`, `alamat`, `no_telp`, `created_at`, `updated_at`) VALUES
(1, 2, 'user', '123456', 'l', '1999-01-01', 'Makassar', 'islam', 'A+', 'Sarjana Informatika', '085', '2024-12-09', 'Junior developer', '08', 'Makassar', '085', '2024-11-05 00:52:09', '2024-11-05 00:52:09'),
(2, 3, 'Muhammad Mahatma Arrayyan', '7371133010050005', 'l', '2005-10-30', 'Makassar', 'islam', 'O', 'SMK', '08', '2024-11-06', 'Web Developer', '17085157879722', 'Jl. Pendidikan Blok B5 No 8', '085157879722', '2024-11-05 21:12:26', '2024-11-05 21:12:26'),
(3, 4, 'Alwi Dahlan', '7306103006930001', 'l', '1993-06-30', 'Suka', 'islam', 'A', 'S1', '082349868076', '2022-12-30', 'Marketing', '000', 'Makassar, KOTA MAKASSAR, SULAWESI SELATAN', '085342913781', '2025-01-05 20:52:49', '2025-01-05 20:52:49'),
(4, 5, 'Nurul Khasana', '7371126804990001', 'p', '1999-04-28', 'Ujung Pandang', 'islam', 'O', 'SMA', '082349868076', '2023-01-01', 'Sales & Marketing Manager', '000', 'Jl. Inspeksipama, Lr.06, No. 17, KOTA MAKASSAR, SULAWESI SELATAN', '081342042068', '2025-01-05 20:56:08', '2025-01-05 20:56:08'),
(5, 6, 'Perdi', '73100910040002', 'l', '2004-10-10', 'Mangkaca', 'islam', 'O', 'SMA', '082349868076', '2024-09-15', 'Senior Developer', '000', 'Jl. Djemma No. 38', '085248186404', '2025-01-05 21:00:13', '2025-01-05 21:00:13'),
(6, 7, 'Syaiful Harbiansyah', '737', 'l', '1998-03-30', 'Makassar', 'islam', 'O', 'SMA', '082349868076', '2024-08-01', 'Sales & Marketing Manager', '000', 'Makassar', '087765388438', '2025-01-05 21:37:55', '2025-01-05 21:46:09'),
(7, 8, 'Nurul Musdalifah', '7316046610000001', 'p', '2000-10-26', 'Kotu', 'islam', 'A', 'S1', '082349868076', '2024-06-30', 'Marketing Staff', '000', 'Kotu, Desa Bamba Puang, Kec. Anggeraja, ENREKANG, SULAWESI SELATAN', '085657339839', '2025-01-05 21:42:13', '2025-01-05 21:42:13'),
(8, 9, 'Ririn Nur Fitrah', '7316045105000001', 'p', '2000-05-11', 'Kotu', 'islam', 'A', '-', '082349868076', '2023-09-01', 'GA Staff', '000', 'Jl. Damai, Tamalanrea, KOTA MAKASSAR, SULAWESI SELATAN', '082190828596', '2025-01-05 21:45:21', '2025-01-05 21:45:21'),
(9, 10, 'Farouk Akhtar Ramadhan', '7371140710070006', 'l', '2007-10-07', 'Makassar', 'islam', 'A', 'SMP', '082349868076', '2025-01-06', 'UI/UX', '1520034759163 (mandiri)', 'Btp. Blok A No. 235', '085824532143', '2025-01-05 22:55:53', '2025-01-05 22:55:53'),
(10, 11, 'Farrel Giovanni Jaohari', '7371052905070003', 'l', '2007-05-29', 'Makassar', 'katolik', 'B', 'SMP', '089612811900', '2025-01-06', 'Frontend Developer', '3650232339 (BCA)', 'Jl. Kalimantan No. 87', '0895384961429', '2025-01-05 23:05:14', '2025-01-05 23:05:14'),
(11, 12, 'Nadhira Ilmi Khaerani', '7371024508070001', 'p', '2007-08-05', 'Makassar', 'islam', 'A', 'SMP', '08', '2025-01-06', 'Desainer', '000', 'Jalan Hertasning 1 no. 28', '085656004526', '2025-01-05 23:15:55', '2025-01-05 23:15:55'),
(12, 13, 'Nurul Aulia Zainal', '7371105302070001', 'p', '2007-02-13', 'Makassar', 'islam', 'B', 'SMP', '081356225609', '2025-01-06', 'Desainer', '000', 'Jl. Sultan Alauddin 3, No. 21A', '081347260998', '2025-01-05 23:17:20', '2025-01-05 23:17:20'),
(13, 14, 'Mario Ekadharma P. Ladjo', '7371130803070001', 'l', '2007-03-08', 'Makassar', 'katolik', 'A', 'SMP', '08', '2025-01-06', 'Backend Dev', '1520034417945 (Mandiri)', 'Griya Sudiang Mandiri Blok D9', '0895802832118', '2025-01-05 23:21:25', '2025-01-05 23:21:25'),
(14, 15, 'Rigel Rahadatul A. Rosadi', '7306066108070001', 'l', '2007-08-21', 'Sungguminasa', 'islam', 'A', 'SMP', '085242412244', '2025-01-06', 'UI/UX', '8791052392 (Maybank)', 'Jl. Siantar 3 no. 10 Bukit baruga, antang', '088222108888', '2025-01-07 01:55:33', '2025-01-07 01:55:33'),
(15, 16, 'Andi Ramsuryani', '1234123412341234', 'p', '2025-01-07', 'Makassar', 'islam', 'A', 'S1', '082349868076', '2025-01-07', 'HRD', '000', 'Jl. Makassar', '085157879722', '2025-01-07 04:43:37', '2025-01-07 04:43:37'),
(16, 17, 'SILVANI', '7371136508020001', 'p', '2002-08-25', 'Makassar', 'islam', 'AB', 'SMK', '08', '2024-05-01', 'CS', '382501052773533', 'Makassar', '083845896171', '2025-01-16 10:12:24', '2025-01-16 10:12:24');

-- --------------------------------------------------------

--
-- Table structure for table `personal_access_tokens`
--

CREATE TABLE `personal_access_tokens` (
  `id` bigint(20) UNSIGNED NOT NULL,
  `tokenable_type` varchar(255) NOT NULL,
  `tokenable_id` bigint(20) UNSIGNED NOT NULL,
  `name` varchar(255) NOT NULL,
  `token` varchar(64) NOT NULL,
  `abilities` text DEFAULT NULL,
  `last_used_at` timestamp NULL DEFAULT NULL,
  `expires_at` timestamp NULL DEFAULT NULL,
  `created_at` timestamp NULL DEFAULT NULL,
  `updated_at` timestamp NULL DEFAULT NULL
) ENGINE=InnoDB DEFAULT CHARSET=utf8mb4 COLLATE=utf8mb4_unicode_ci;

--
-- Dumping data for table `personal_access_tokens`
--

INSERT INTO `personal_access_tokens` (`id`, `tokenable_type`, `tokenable_id`, `name`, `token`, `abilities`, `last_used_at`, `expires_at`, `created_at`, `updated_at`) VALUES
(32, 'App\\Models\\User', 14, 'ekdhrm07@gmail.com', '73f4301716726b47336a3f07b5b59b926839a970259230f6886ecc5d820e8e14', '[\"*\"]', '2025-01-08 02:42:52', NULL, '2025-01-06 01:01:18', '2025-01-08 02:42:52'),
(34, 'App\\Models\\User', 10, 'farouk07890@gmail.com', '25cd03b718060f1c4fd31ef4df5f501d521ec5c81918d4708607a9a7f5b9d576', '[\"*\"]', '2025-01-22 01:34:06', NULL, '2025-01-06 01:12:53', '2025-01-22 01:34:06'),
(35, 'App\\Models\\User', 6, 'perdidev@gmail.com', '2d8a6125b2f76ce428e94c8a91bd8989b07089fa8f3da7cb9bd60a124d024f4f', '[\"*\"]', '2025-01-22 01:31:34', NULL, '2025-01-06 06:50:59', '2025-01-22 01:31:34'),
(47, 'App\\Models\\User', 12, 'nadhirailmii@gmail.com', '308387631b3b8971ecced093ed3389d0ec4b690bceb1b3b6ed6c7fd681af8ade', '[\"*\"]', '2025-01-08 01:27:02', NULL, '2025-01-07 01:40:32', '2025-01-08 01:27:02'),
(49, 'App\\Models\\User', 9, 'ririnnurfitrah11@gmail.com', '1b807a4364285d877f3ca81f01061f37ab09a58b2613a70dd49494a412789c94', '[\"*\"]', '2025-01-08 01:48:35', NULL, '2025-01-07 01:52:56', '2025-01-08 01:48:35'),
(51, 'App\\Models\\User', 9, 'ririnnurfitrah11@gmail.com', '0ec6c417eb65c5b860585d6c8dedb50d880af8cfa006a8aebc00aa1df4f2d50f', '[\"*\"]', '2025-01-22 02:09:13', NULL, '2025-01-07 01:58:37', '2025-01-22 02:09:13'),
(53, 'App\\Models\\User', 7, 'syaifulharbiansyah30@gmail.com', '2afe2bc6ac74fc000186831e8d66acc27ddbf7d6e249e7a80946e5ff94f0815f', '[\"*\"]', '2025-01-07 04:42:08', NULL, '2025-01-07 04:42:06', '2025-01-07 04:42:08'),
(54, 'App\\Models\\User', 7, 'syaifulharbiansyah30@gmail.com', '36323aa0f1dea49af52672f8cc3355c0044c9e12ad8cff64ad9fda99b35f3171', '[\"*\"]', '2025-01-09 01:42:30', NULL, '2025-01-07 04:42:08', '2025-01-09 01:42:30'),
(55, 'App\\Models\\User', 16, 'yanoex98@gmail.com', 'f94c8e0ad87adf3a84a49fd8dcdeb18c81126360c48d9d7b235c5630a13248da', '[\"*\"]', '2025-01-10 10:18:31', NULL, '2025-01-07 04:58:21', '2025-01-10 10:18:31'),
(64, 'App\\Models\\User', 1, 'admin@gmail.com', '7e00aee20b594f37f31a5aceaef32a3c421d58b6f6393df39fa84344ecc7330a', '[\"*\"]', '2025-01-07 09:49:49', NULL, '2025-01-07 08:49:51', '2025-01-07 09:49:49'),
(65, 'App\\Models\\User', 1, 'admin@gmail.com', 'aeb461cc2a648e892a3aeb70f16ba6ef6daf9dec57951711ff1b25992d08da69', '[\"*\"]', '2025-01-08 02:09:48', NULL, '2025-01-08 01:26:06', '2025-01-08 02:09:48'),
(66, 'App\\Models\\User', 12, 'nadhirailmii@gmail.com', '01a9d99d27112f27647641910750270adbba0d933d2aa2eb9d166ea0b095aff5', '[\"*\"]', '2025-01-22 01:32:04', NULL, '2025-01-08 01:27:10', '2025-01-22 01:32:04'),
(70, 'App\\Models\\User', 3, 'muh.mahatma@gmail.com', 'c2a0c855c844c5f1492cc512c6d7f2ead940316183dc27bb19b99f2755ee2121', '[\"*\"]', '2025-01-08 03:03:58', NULL, '2025-01-08 01:36:49', '2025-01-08 03:03:58'),
(72, 'App\\Models\\User', 1, 'admin@gmail.com', '4b0bcc3773a78a0401bb821fae722c40e576c0aab7e4b48d5f9d7dbd9ab008c2', '[\"*\"]', '2025-01-22 02:02:07', NULL, '2025-01-08 02:43:29', '2025-01-22 02:02:07'),
(74, 'App\\Models\\User', 1, 'admin@gmail.com', '879992e68bacebb12460fef32414af80c983aef75b51905be2521d3d86d33040', '[\"*\"]', '2025-01-08 10:24:32', NULL, '2025-01-08 09:58:40', '2025-01-08 10:24:32'),
(75, 'App\\Models\\User', 14, 'ekdhrm07@gmail.com', '16a3f54424ebf5aa15ca56493512198eed74f9aa13a12c359fa44612e43ee984', '[\"*\"]', '2025-01-08 10:05:32', NULL, '2025-01-08 10:04:53', '2025-01-08 10:05:32'),
(76, 'App\\Models\\User', 8, 'nurulmusdalifah30@gmail.com', '680b93399cba5e77cc37884d211719c31f045c59b505ebe1e14555b50f1853fd', '[\"*\"]', '2025-01-08 10:23:36', NULL, '2025-01-08 10:13:21', '2025-01-08 10:23:36'),
(78, 'App\\Models\\User', 3, 'muh.mahatma@gmail.com', 'c152fdd1fa774f67fe5cda3208bfb5b3e93f34ff3df1291be026c337993abe29', '[\"*\"]', '2025-01-17 14:44:49', NULL, '2025-01-08 10:23:04', '2025-01-17 14:44:49'),
(79, 'App\\Models\\User', 8, 'nurulmusdalifah30@gmail.com', '48d0e03c5b7f547667cace56a9c53259f4ac0c6678a0b712bea872d9053cd290', '[\"*\"]', '2025-01-08 10:37:12', NULL, '2025-01-08 10:23:41', '2025-01-08 10:37:12'),
(80, 'App\\Models\\User', 1, 'admin@gmail.com', '15ef3969ce6f74dbe83ed640d2488c24003e41f169bad8a054a3ff7689e3b845', '[\"*\"]', '2025-01-09 02:13:39', NULL, '2025-01-09 01:35:41', '2025-01-09 02:13:39'),
(82, 'App\\Models\\User', 4, 'alwidahlan2709@gmail.com', '8a0ca72eb2a44ed828ecc40b1e7de8857571606023c88581c1e1c2ba066ce066', '[\"*\"]', '2025-01-22 01:29:10', NULL, '2025-01-09 01:36:50', '2025-01-22 01:29:10'),
(84, 'App\\Models\\User', 7, 'syaifulharbiansyah30@gmail.com', '9c087bd9a0f011b48d4ffdc65d6542e3691f8bd571ea66430d3ff81721655876', '[\"*\"]', '2025-01-13 02:43:49', NULL, '2025-01-09 01:42:49', '2025-01-13 02:43:49'),
(86, 'App\\Models\\User', 1, 'admin@gmail.com', 'b6f0e0aa9baca48c64bdb22012dad1bc9264d10e65de96da8589e64fc4e8bdd9', '[\"*\"]', '2025-01-09 02:08:57', NULL, '2025-01-09 01:56:13', '2025-01-09 02:08:57'),
(87, 'App\\Models\\User', 1, 'admin@gmail.com', '252d7ee698123ee1eba71e2e243554e80f04e021e64bacee3cc45d847495e292', '[\"*\"]', '2025-01-10 01:45:37', NULL, '2025-01-10 01:21:29', '2025-01-10 01:45:37'),
(88, 'App\\Models\\User', 14, 'ekdhrm07@gmail.com', '0bfcb8d388378527286c2af619fbf1acc0a2d884e5156aae4c079ea5c1c61be1', '[\"*\"]', '2025-01-21 10:10:29', NULL, '2025-01-10 01:29:33', '2025-01-21 10:10:29'),
(89, 'App\\Models\\User', 8, 'nurulmusdalifah30@gmail.com', '64873241ace9f38b51ddc08d6abb0735a2a3d30f01bcb3b1bfef78d346659f5f', '[\"*\"]', '2025-01-10 01:45:26', NULL, '2025-01-10 01:30:51', '2025-01-10 01:45:26'),
(91, 'App\\Models\\User', 1, 'admin@gmail.com', 'a4174b85fca36ef455ad530793994500e0a2d6b1bfd533d58d25184a2be68732', '[\"*\"]', '2025-01-10 22:49:36', NULL, '2025-01-10 10:00:53', '2025-01-10 22:49:36'),
(92, 'App\\Models\\User', 8, 'nurulmusdalifah30@gmail.com', '2ed05aaf356710ba54467d30264156e6e9ff15a22ae4276b4a6a0b6daf8ea597', '[\"*\"]', '2025-01-17 01:29:32', NULL, '2025-01-10 10:06:27', '2025-01-17 01:29:32'),
(94, 'App\\Models\\User', 1, 'admin@gmail.com', '494993fd07d81f89f3d13befcb78e19783e8fc442506657faba53de35ff27e92', '[\"*\"]', '2025-01-13 02:43:24', NULL, '2025-01-13 01:40:13', '2025-01-13 02:43:24'),
(95, 'App\\Models\\User', 7, 'syaifulharbiansyah30@gmail.com', '2239abd0080568751c2dcc7a45a6a1eb9a99aadfaf93f2b726df467f29e6e021', '[\"*\"]', '2025-01-16 02:20:47', NULL, '2025-01-13 02:44:11', '2025-01-16 02:20:47'),
(96, 'App\\Models\\User', 7, 'syaifulharbiansyah30@gmail.com', '3b7e99bb951f8538bcd4d6f60ca5ac61937aa6517c179c1009c499539b87fd5f', '[\"*\"]', '2025-01-13 02:57:23', NULL, '2025-01-13 02:44:48', '2025-01-13 02:57:23'),
(97, 'App\\Models\\User', 1, 'admin@gmail.com', '5eb156db3731318ba44ac6549ac4664f70e7e4482dae956fb04febbf15e690a1', '[\"*\"]', '2025-01-22 02:02:09', NULL, '2025-01-13 02:45:10', '2025-01-22 02:02:09'),
(98, 'App\\Models\\User', 1, 'admin@gmail.com', '4f7bef3ea92c9023f1d603288a081dc6b19e91a332472afb961bd1832ef026d9', '[\"*\"]', '2025-01-22 02:14:21', NULL, '2025-01-13 03:04:05', '2025-01-22 02:14:21'),
(100, 'App\\Models\\User', 5, 'adzkiyahproperti@gmail.com', '294edf43980ba6afe978a0715e295a83b8329e5874cb16ab558d840171b17fa3', '[\"*\"]', '2025-01-22 02:24:10', NULL, '2025-01-14 09:18:22', '2025-01-22 02:24:10'),
(102, 'App\\Models\\User', 5, 'adzkiyahproperti@gmail.com', 'c24912cbea24ecf7ad66bf95f26a8eb2cae78be5d8fc11d19a89ca49c03dc8d1', '[\"*\"]', '2025-01-15 00:25:04', NULL, '2025-01-15 00:25:03', '2025-01-15 00:25:04'),
(103, 'App\\Models\\User', 5, 'adzkiyahproperti@gmail.com', '577e968fba9801b62b34eaf9f331b9b2bbb60684b7ee32ca766e12a7d93b76da', '[\"*\"]', '2025-01-15 00:26:03', NULL, '2025-01-15 00:25:04', '2025-01-15 00:26:03'),
(106, 'App\\Models\\User', 13, 'aulia02.naz@gmail.com', '9476f4eed070d43f0402f6fb937cef5e9eaca10eb1ff4c832e6f51ba77c4ebbd', '[\"*\"]', '2025-01-16 10:03:34', NULL, '2025-01-15 01:49:21', '2025-01-16 10:03:34'),
(107, 'App\\Models\\User', 15, 'Rigelichy@gmail.com', '457f5d81f8131144eee108c68a78265608fb3b7aa9a107c74d2cf7a49e8a32ef', '[\"*\"]', '2025-01-22 01:28:20', NULL, '2025-01-16 01:19:44', '2025-01-22 01:28:20'),
(108, 'App\\Models\\User', 11, 'farreluken@gmail.com', '4304d354753e61bc29efce637f0c2cc0aee2bfb6e53289de98e2513d9046fcea', '[\"*\"]', '2025-01-16 01:31:15', NULL, '2025-01-16 01:29:05', '2025-01-16 01:31:15'),
(109, 'App\\Models\\User', 7, 'syaifulharbiansyah30@gmail.com', 'b43f5555af88ee96afcde546c62fa631020d0b826fcf4a18c02599d8d4472915', '[\"*\"]', '2025-01-16 02:21:14', NULL, '2025-01-16 02:21:11', '2025-01-16 02:21:14'),
(110, 'App\\Models\\User', 7, 'syaifulharbiansyah30@gmail.com', 'e2bb3c93b98ccc8a83a596e48a06ab90deb1e64353c4ae743f1b02f42f17b099', '[\"*\"]', '2025-01-16 02:21:18', NULL, '2025-01-16 02:21:14', '2025-01-16 02:21:18'),
(111, 'App\\Models\\User', 7, 'syaifulharbiansyah30@gmail.com', '8281705b494eb4200bb6c943e929a7f2737394136deb380d49aee49a44b718e5', '[\"*\"]', '2025-01-16 10:15:18', NULL, '2025-01-16 02:21:18', '2025-01-16 10:15:18'),
(112, 'App\\Models\\User', 11, 'farreluken@gmail.com', '69e0c091009a626e34005b266342ffef593ae422e2da84727c334544e1a1ac2f', '[\"*\"]', '2025-01-16 11:47:26', NULL, '2025-01-16 10:06:03', '2025-01-16 11:47:26'),
(115, 'App\\Models\\User', 7, 'syaifulharbiansyah30@gmail.com', '00a744f4486e2bbdc3d732722d7aeea85b9a9a11774033c593e2a30f317b71a3', '[\"*\"]', '2025-01-16 10:15:41', NULL, '2025-01-16 10:15:38', '2025-01-16 10:15:41'),
(116, 'App\\Models\\User', 7, 'syaifulharbiansyah30@gmail.com', '198ce20e853435a529e506f24a6596392720dfb583a2e244622c3979869aef15', '[\"*\"]', '2025-01-17 03:04:43', NULL, '2025-01-16 10:15:41', '2025-01-17 03:04:43'),
(117, 'App\\Models\\User', 13, 'aulia02.naz@gmail.com', 'f95971004abd9c73299d32f4cc73b3b0b541ff327fdcc60946afbf4e4cb49753', '[\"*\"]', '2025-01-22 02:00:06', NULL, '2025-01-16 16:54:29', '2025-01-22 02:00:06'),
(118, 'App\\Models\\User', 8, 'nurulmusdalifah30@gmail.com', '767ee82f1490209cbf4a60f49f87c6839646e5dc842c0aa9ef075e413118fe07', '[\"*\"]', '2025-01-20 01:28:52', NULL, '2025-01-17 01:29:37', '2025-01-20 01:28:52'),
(119, 'App\\Models\\User', 11, 'farreluken@gmail.com', '33dc4901d091b7b892fd7cb2be361b24ebfea143064bf4dbe36ab87b38d8f249', '[\"*\"]', '2025-01-17 03:06:44', NULL, '2025-01-17 03:02:47', '2025-01-17 03:06:44'),
(120, 'App\\Models\\User', 7, 'syaifulharbiansyah30@gmail.com', '42c9e0a0d69130061172792225dc25d231672cc8404ce784ca1126a3a8e18bea', '[\"*\"]', '2025-01-17 03:05:02', NULL, '2025-01-17 03:05:00', '2025-01-17 03:05:02'),
(121, 'App\\Models\\User', 7, 'syaifulharbiansyah30@gmail.com', '0bffec45688ac0db97ba0d180aa62081858337f55876a427ca87b5a1b363fc7d', '[\"*\"]', '2025-01-20 03:05:51', NULL, '2025-01-17 03:05:01', '2025-01-20 03:05:51'),
(122, 'App\\Models\\User', 11, 'farreluken@gmail.com', '1e2cfd0d78821695cc7c3f3faa38468da5fab2e5eec635c3d0d4c44e5b5ff2e6', '[\"*\"]', '2025-01-17 10:16:48', NULL, '2025-01-17 10:09:51', '2025-01-17 10:16:48'),
(125, 'App\\Models\\User', 8, 'nurulmusdalifah30@gmail.com', '502ea8f9505f2c14ad71b76ca259089426ee09262c7cc25b7588c2d7faddbce5', '[\"*\"]', '2025-01-20 01:43:23', NULL, '2025-01-20 01:28:56', '2025-01-20 01:43:23'),
(126, 'App\\Models\\User', 11, 'farreluken@gmail.com', 'eb99ae8a99b72a7ca91b6ea602d4f037c0e185da0af45ba86cfb1baa4e780ab2', '[\"*\"]', '2025-01-20 09:20:19', NULL, '2025-01-20 01:43:06', '2025-01-20 09:20:19'),
(127, 'App\\Models\\User', 8, 'nurulmusdalifah30@gmail.com', '912be310c5c12dcb39ad80fd907e267f4ec3eca9d3a9867eb068da1abe471fd9', '[\"*\"]', '2025-01-21 02:40:00', NULL, '2025-01-20 01:43:27', '2025-01-21 02:40:00'),
(128, 'App\\Models\\User', 15, 'Rigelichy@gmail.com', '015e5e27327d745cd1ebbc746bdb8be5e73cac2f21b14d9e3663b2a5e92cd4f2', '[\"*\"]', '2025-01-20 01:48:12', NULL, '2025-01-20 01:43:27', '2025-01-20 01:48:12'),
(129, 'App\\Models\\User', 7, 'syaifulharbiansyah30@gmail.com', 'c1e41f158f099670bd84c577f6fcf00c75760ce8c4b428eaed2d52599f271d0d', '[\"*\"]', '2025-01-20 10:06:40', NULL, '2025-01-20 03:06:17', '2025-01-20 10:06:40'),
(130, 'App\\Models\\User', 1, 'admin@gmail.com', 'c94738f27d80a68b238c9c54abe72dbcca6ee23234809c7d5893ea13058ac270', '[\"*\"]', '2025-01-20 10:04:51', NULL, '2025-01-20 09:52:14', '2025-01-20 10:04:51'),
(131, 'App\\Models\\User', 7, 'syaifulharbiansyah30@gmail.com', '2e62a8cf98fcb829aff5bcab918561535d7fb1d04d06db6a181fd6ca27a3ee8f', '[\"*\"]', '2025-01-20 10:06:58', NULL, '2025-01-20 10:06:53', '2025-01-20 10:06:58'),
(132, 'App\\Models\\User', 1, 'admin@gmail.com', '25b2e41a59397f31045dfb82942aada09254204e70343c45dc13a233759c90c8', '[\"*\"]', '2025-01-21 02:40:13', NULL, '2025-01-21 01:51:34', '2025-01-21 02:40:13'),
(133, 'App\\Models\\User', 11, 'farreluken@gmail.com', '4b91a544f96894a6e33cdd88c028f4f34293ac63ea4f1861e62b7ff2f4cf4fb2', '[\"*\"]', '2025-01-21 03:40:13', NULL, '2025-01-21 01:56:14', '2025-01-21 03:40:13'),
(134, 'App\\Models\\User', 8, 'nurulmusdalifah30@gmail.com', '0c152cba62a75ee49f90380b469d9183ffb76f378a8e73c9088db672f5af9550', '[\"*\"]', '2025-01-22 01:29:19', NULL, '2025-01-21 02:40:00', '2025-01-22 01:29:19'),
(135, 'App\\Models\\User', 11, 'farreluken@gmail.com', 'f70432b39c333e0e97448b2f1e0eda8a429491ba3d69c69b9accaafa54747d9e', '[\"*\"]', '2025-01-21 10:11:29', NULL, '2025-01-21 10:11:24', '2025-01-21 10:11:29'),
(136, 'App\\Models\\User', 1, 'admin@gmail.com', '46b23053cd741f15b11c3ae88d9e2672769324a12ab50cccd397e78a0b574395', '[\"*\"]', '2025-01-22 01:26:49', NULL, '2025-01-22 01:25:54', '2025-01-22 01:26:49'),
(137, 'App\\Models\\User', 11, 'farreluken@gmail.com', '0852a96cc48555587dbebf8294d63f27061ac1f9894f290ef5caae51f6a99bef', '[\"*\"]', '2025-01-22 01:45:07', NULL, '2025-01-22 01:27:54', '2025-01-22 01:45:07');

-- --------------------------------------------------------

--
-- Table structure for table `sessions`
--

CREATE TABLE `sessions` (
  `id` varchar(255) NOT NULL,
  `user_id` bigint(20) UNSIGNED DEFAULT NULL,
  `ip_address` varchar(45) DEFAULT NULL,
  `user_agent` text DEFAULT NULL,
  `payload` longtext NOT NULL,
  `last_activity` int(11) NOT NULL
) ENGINE=InnoDB DEFAULT CHARSET=utf8mb4 COLLATE=utf8mb4_unicode_ci;

--
-- Dumping data for table `sessions`
--

INSERT INTO `sessions` (`id`, `user_id`, `ip_address`, `user_agent`, `payload`, `last_activity`) VALUES
('1v3H1zB79Lzq7ZFTZZ49kUCSIrYLKltqeaSSxvrr', NULL, '139.59.143.102', '', 'YTozOntzOjY6Il90b2tlbiI7czo0MDoidW1BZzAxWjRVWlE4Wjl0ZVVQeUREQjBHRGpqY0oxRHhpdzJMSEhOTiI7czo5OiJfcHJldmlvdXMiO2E6MTp7czozOiJ1cmwiO3M6MzU6Imh0dHBzOi8vd3d3LmFwaS1hYnNlbnNpLmV2ZW50cHJvLmlkIjt9czo2OiJfZmxhc2giO2E6Mjp7czozOiJvbGQiO2E6MDp7fXM6MzoibmV3IjthOjA6e319fQ==', 1737173212),
('5DHbUzdYkrrVMH0xqVOmD2w2kE4y4WStd06uG5ih', NULL, '106.75.166.28', 'Mozilla/5.0 (Windows NT 6.1) AppleWebKit/537.36 (KHTML, like Gecko) Chrome/49.0.2623.112 Safari/537.36', 'YTozOntzOjY6Il90b2tlbiI7czo0MDoiam9oa0hYV1g1Mm1Zejh3bGZNTmc0ZEQyTUNwTkdyM3JzRUc0T1VDZiI7czo5OiJfcHJldmlvdXMiO2E6MTp7czozOiJ1cmwiO3M6MzE6Imh0dHBzOi8vYXBpLWFic2Vuc2kuZXZlbnRwcm8uaWQiO31zOjY6Il9mbGFzaCI7YToyOntzOjM6Im9sZCI7YTowOnt9czozOiJuZXciO2E6MDp7fX19', 1737173498),
('6RtjWbgnYT9YFGTzYvQCVyn1HJPV5GvbGTEDzaL3', NULL, '154.28.229.57', 'Mozilla/5.0 (Windows NT 10.0; Win64; x64) AppleWebKit/537.36 (KHTML, like Gecko) Chrome/116.0.0.0 Safari/537.36', 'YTozOntzOjY6Il90b2tlbiI7czo0MDoiTnhFUnZtVnRENHAyMWZFYjlVTHkxS0R0bG1oSE41aDNvakZXZVVqdCI7czo5OiJfcHJldmlvdXMiO2E6MTp7czozOiJ1cmwiO3M6MzE6Imh0dHBzOi8vYXBpLWFic2Vuc2kuZXZlbnRwcm8uaWQiO31zOjY6Il9mbGFzaCI7YToyOntzOjM6Im9sZCI7YTowOnt9czozOiJuZXciO2E6MDp7fX19', 1737173226),
('7ClpsfKwg8OUFnaq7p07sCvFSif47IY029p3xE0C', NULL, '132.145.29.111', 'Mozilla/5.0 (X11; Linux x86_64) AppleWebKit/537.36 (KHTML, like Gecko) Chrome/81.0.4044.129 Safari/537.36', 'YTozOntzOjY6Il90b2tlbiI7czo0MDoiOHZ1R1RURFNGV0hvbVRxZ3dGZ3hSYXF4UTNBd1oyQ3ZBcHJtV0pRVSI7czo5OiJfcHJldmlvdXMiO2E6MTp7czozOiJ1cmwiO3M6MzQ6Imh0dHA6Ly93d3cuYXBpLWFic2Vuc2kuZXZlbnRwcm8uaWQiO31zOjY6Il9mbGFzaCI7YToyOntzOjM6Im9sZCI7YTowOnt9czozOiJuZXciO2E6MDp7fX19', 1737213323),
('Ab1J10mRUUwzQ1WetJLKWapGUvO4BRlPP9COZBy7', NULL, '146.70.117.23', 'Mozilla/5.0 (Windows NT 10.0; Win64; x64) AppleWebKit/537.36 (KHTML, like Gecko) Chrome/110.0.0.0 Safari/537.36', 'YTozOntzOjY6Il90b2tlbiI7czo0MDoiYjhhY3J4YjlFUGNJWlFYbHlzSUpBRnhsOXd1STQwcWg4a0RnOXlhTyI7czo5OiJfcHJldmlvdXMiO2E6MTp7czozOiJ1cmwiO3M6MzU6Imh0dHBzOi8vd3d3LmFwaS1hYnNlbnNpLmV2ZW50cHJvLmlkIjt9czo2OiJfZmxhc2giO2E6Mjp7czozOiJvbGQiO2E6MDp7fXM6MzoibmV3IjthOjA6e319fQ==', 1737237756),
('b61pPsnnYgDrKDaGdoqDb119taSZlZssmhQFsD3h', NULL, '35.171.144.152', 'Mozilla/5.0 (Windows NT 10.0; Win64; x64) AppleWebKit/537.36 (KHTML, like Gecko) Chrome/100.0.4896.75 Safari/537.36', 'YTozOntzOjY6Il90b2tlbiI7czo0MDoiZlg5ZG13ODQ3MEFwSmprVHJ6b0tVU295VlRiWWprVm16UndmYllFdyI7czo5OiJfcHJldmlvdXMiO2E6MTp7czozOiJ1cmwiO3M6MzQ6Imh0dHA6Ly93d3cuYXBpLWFic2Vuc2kuZXZlbnRwcm8uaWQiO31zOjY6Il9mbGFzaCI7YToyOntzOjM6Im9sZCI7YTowOnt9czozOiJuZXciO2E6MDp7fX19', 1737269759),
('BB16viBvcEjD2fcZ5djwYfqZHsaCAQ6dUpDDFoa9', NULL, '106.75.166.28', 'Mozilla/5.0 (Windows NT 6.1) AppleWebKit/537.36 (KHTML, like Gecko) Chrome/49.0.2623.112 Safari/537.36', 'YTozOntzOjY6Il90b2tlbiI7czo0MDoiaGM2NmEyRDMwWGNHVVl5VXBlY2pEdENIQ0JrcHVEcXQ5U0lqcFZpUCI7czo5OiJfcHJldmlvdXMiO2E6MTp7czozOiJ1cmwiO3M6MzQ6Imh0dHA6Ly93d3cuYXBpLWFic2Vuc2kuZXZlbnRwcm8uaWQiO31zOjY6Il9mbGFzaCI7YToyOntzOjM6Im9sZCI7YTowOnt9czozOiJuZXciO2E6MDp7fX19', 1737173416),
('fbfmKYcRIJvm9fUgE1N5yz6kG9e3iu8Pivw0qso9', NULL, '188.166.98.41', 'Mozilla/5.0 (compatible)', 'YTozOntzOjY6Il90b2tlbiI7czo0MDoicmpQdG83MmFLRzFJd21TMGZwNkdzdWJJS2ViMEFBQllrTnllVkw5ZiI7czo5OiJfcHJldmlvdXMiO2E6MTp7czozOiJ1cmwiO3M6MzQ6Imh0dHA6Ly93d3cuYXBpLWFic2Vuc2kuZXZlbnRwcm8uaWQiO31zOjY6Il9mbGFzaCI7YToyOntzOjM6Im9sZCI7YTowOnt9czozOiJuZXciO2E6MDp7fX19', 1737375673),
('fcXZbWigKNvQ8T2bjq1KxxnM5Djn4IbPpMNXPcMH', NULL, '106.75.132.208', 'Mozilla/5.0 (Windows NT 6.1) AppleWebKit/537.36 (KHTML, like Gecko) Chrome/49.0.2623.112 Safari/537.36', 'YTozOntzOjY6Il90b2tlbiI7czo0MDoiVnd1S1BUT0NaT21WN05uWjFKWWVCckE3S3RTaGNhdXhsUDltdUNMWiI7czo5OiJfcHJldmlvdXMiO2E6MTp7czozOiJ1cmwiO3M6MzA6Imh0dHA6Ly9hcGktYWJzZW5zaS5ldmVudHByby5pZCI7fXM6NjoiX2ZsYXNoIjthOjI6e3M6Mzoib2xkIjthOjA6e31zOjM6Im5ldyI7YTowOnt9fX0=', 1737173453),
('fGxc2SJwZ0K32RDbFTYC1B0OI0JT1pXy2xl5iQVP', NULL, '106.75.154.180', 'Mozilla/5.0 (Windows NT 6.1) AppleWebKit/537.36 (KHTML, like Gecko) Chrome/49.0.2623.112 Safari/537.36', 'YTozOntzOjY6Il90b2tlbiI7czo0MDoiZ1pxVnMwRXoxblJnblp0VjRreW5IVGNsdXhjT3kwbmNVUEhjQWlPOSI7czo5OiJfcHJldmlvdXMiO2E6MTp7czozOiJ1cmwiO3M6MzE6Imh0dHBzOi8vYXBpLWFic2Vuc2kuZXZlbnRwcm8uaWQiO31zOjY6Il9mbGFzaCI7YToyOntzOjM6Im9sZCI7YTowOnt9czozOiJuZXciO2E6MDp7fX19', 1737173418),
('Fqu28fGPmiDFxBjemiQMORjVFtyJCvwgMjrgKb0B', NULL, '106.75.166.28', 'Mozilla/5.0 (Windows NT 6.1) AppleWebKit/537.36 (KHTML, like Gecko) Chrome/49.0.2623.112 Safari/537.36', 'YTozOntzOjY6Il90b2tlbiI7czo0MDoiYjlDa2lEVWk1VzdmNnA1c2pOMGRCeURlZEh4eWhTd1lLdnl1cWhSNSI7czo5OiJfcHJldmlvdXMiO2E6MTp7czozOiJ1cmwiO3M6MzU6Imh0dHBzOi8vd3d3LmFwaS1hYnNlbnNpLmV2ZW50cHJvLmlkIjt9czo2OiJfZmxhc2giO2E6Mjp7czozOiJvbGQiO2E6MDp7fXM6MzoibmV3IjthOjA6e319fQ==', 1737173468),
('FvPVtUpsFYtgyJ0eFgKkX6xFW5fZ7XIGctQuh6PX', NULL, '162.142.125.204', 'Mozilla/5.0 (compatible; CensysInspect/1.1; +https://about.censys.io/)', 'YTozOntzOjY6Il90b2tlbiI7czo0MDoiellDZ0hyQ24xcDd5bjJGUHo1Sk8wT08ya2lwNlBkTExpMUI1QkNjSCI7czo5OiJfcHJldmlvdXMiO2E6MTp7czozOiJ1cmwiO3M6MzU6Imh0dHBzOi8vd3d3LmFwaS1hYnNlbnNpLmV2ZW50cHJvLmlkIjt9czo2OiJfZmxhc2giO2E6Mjp7czozOiJvbGQiO2E6MDp7fXM6MzoibmV3IjthOjA6e319fQ==', 1737399941),
('fyGo8SiRn8R7ppq3Wnr4j5UMusu6mWdLOPyz8YyX', NULL, '205.210.31.202', 'Expanse, a Palo Alto Networks company, searches across the global IPv4 space multiple times per day to identify customers&#39; presences on the Internet. If you would like to be excluded from our scans, please send IP addresses/domains to: scaninfo@paloaltonetworks.com', 'YTozOntzOjY6Il90b2tlbiI7czo0MDoiS2s4ekpwTGp0aUtzdnFGSFFWNVJ3TFlaTTNYQkxadGs2Rk1PUDhQeSI7czo5OiJfcHJldmlvdXMiO2E6MTp7czozOiJ1cmwiO3M6MzA6Imh0dHA6Ly9hcGktYWJzZW5zaS5ldmVudHByby5pZCI7fXM6NjoiX2ZsYXNoIjthOjI6e3M6Mzoib2xkIjthOjA6e31zOjM6Im5ldyI7YTowOnt9fX0=', 1737190914),
('g1zk0qKqsRMWlz3wASxvZ2PttDFiOGw5ikna9Ts6', NULL, '139.59.143.102', 'Go-http-client/1.1', 'YTozOntzOjY6Il90b2tlbiI7czo0MDoiTktYSkpnaUhNMVgwSzNFWnB0a2U0VndVSDdXN01HQm0zRUl0MG1wVSI7czo5OiJfcHJldmlvdXMiO2E6MTp7czozOiJ1cmwiO3M6Njk6Imh0dHBzOi8vd3d3LmFwaS1hYnNlbnNpLmV2ZW50cHJvLmlkLz9yZXN0X3JvdXRlPSUyRndwJTJGdjIlMkZ1c2VycyUyRiI7fXM6NjoiX2ZsYXNoIjthOjI6e3M6Mzoib2xkIjthOjA6e31zOjM6Im5ldyI7YTowOnt9fX0=', 1737173231),
('gZR28av0ZOxaGIYmMsfF4ztcaS53V6GYN6QuyrJJ', NULL, '157.230.19.140', '', 'YTozOntzOjY6Il90b2tlbiI7czo0MDoiOHdQOU51YmVzRU9lcWlSZk9qblZKeTBwdmRCMnlEU1czMkM0Z2I1ZCI7czo5OiJfcHJldmlvdXMiO2E6MTp7czozOiJ1cmwiO3M6MzE6Imh0dHBzOi8vYXBpLWFic2Vuc2kuZXZlbnRwcm8uaWQiO31zOjY6Il9mbGFzaCI7YToyOntzOjM6Im9sZCI7YTowOnt9czozOiJuZXciO2E6MDp7fX19', 1737173212),
('HIkdXmVAsmtrR6updZydqotCGaQnq0GZYyMPqk72', NULL, '167.94.138.33', 'Mozilla/5.0 (compatible; CensysInspect/1.1; +https://about.censys.io/)', 'YTozOntzOjY6Il90b2tlbiI7czo0MDoiZTlRb3o5Tm5PUWkyWFJrS1JORlBZeUh6N1c5Q0pWTWk2bHVOWVViaiI7czo5OiJfcHJldmlvdXMiO2E6MTp7czozOiJ1cmwiO3M6MzQ6Imh0dHA6Ly93d3cuYXBpLWFic2Vuc2kuZXZlbnRwcm8uaWQiO31zOjY6Il9mbGFzaCI7YToyOntzOjM6Im9sZCI7YTowOnt9czozOiJuZXciO2E6MDp7fX19', 1737406601),
('HodS9UfXaYZAX51oBSY8rxdcvyYXctxeOwocZK7p', NULL, '23.234.70.217', 'Mozilla/5.0 (Windows NT 10.0; Win64; x64) AppleWebKit/537.36 (KHTML, like Gecko) Chrome/110.0.0.0 Safari/537.36', 'YTozOntzOjY6Il90b2tlbiI7czo0MDoiRE5lN0M0c1Yzb0RUQmVXWlplbmp6c1VmUDFkRzZsa0tqU0tXZDh1UiI7czo5OiJfcHJldmlvdXMiO2E6MTp7czozOiJ1cmwiO3M6MzE6Imh0dHBzOi8vYXBpLWFic2Vuc2kuZXZlbnRwcm8uaWQiO31zOjY6Il9mbGFzaCI7YToyOntzOjM6Im9sZCI7YTowOnt9czozOiJuZXciO2E6MDp7fX19', 1737241602),
('JjU6vFyQ4W63nRepYRJeimxg9p9HcD7Zvt6tFWlK', NULL, '159.89.174.87', 'Mozilla/5.0 (Linux; Android 6.0; HTC One M9 Build/MRA774495) AppleWebKit/537.36 (KHTML, like Gecko) Chrome/52.0.1738.98 Mobile Safari/537.3', 'YTozOntzOjY6Il90b2tlbiI7czo0MDoibVBPTllpUlhBazM2WU5JaXFzREhwQ0NlekNwRXR3YjYyanVKdTB0NyI7czo5OiJfcHJldmlvdXMiO2E6MTp7czozOiJ1cmwiO3M6MzA6Imh0dHA6Ly9hcGktYWJzZW5zaS5ldmVudHByby5pZCI7fXM6NjoiX2ZsYXNoIjthOjI6e3M6Mzoib2xkIjthOjA6e31zOjM6Im5ldyI7YTowOnt9fX0=', 1737173212),
('jr4n6WSwiXDuX0kHQ1PMsCZQtJrxkHjO5YJNaymR', NULL, '129.146.107.184', 'Mozilla/5.0 (Windows NT 10.0; Win64; x64) AppleWebKit/537.36 (KHTML, like Gecko) Chrome/95.0.4638.69 Safari/537.36', 'YTozOntzOjY6Il90b2tlbiI7czo0MDoid3YyUFF0OXVqZlAxVloyeW9PZThkaEMyNHdpaGl1YmFRenZ5Y0hJdSI7czo5OiJfcHJldmlvdXMiO2E6MTp7czozOiJ1cmwiO3M6MzA6Imh0dHA6Ly9hcGktYWJzZW5zaS5ldmVudHByby5pZCI7fXM6NjoiX2ZsYXNoIjthOjI6e3M6Mzoib2xkIjthOjA6e31zOjM6Im5ldyI7YTowOnt9fX0=', 1737424184),
('jw1wPGb1HwuVqjEvPYASvkeMDmlZ4iYCyWgBJXU8', NULL, '45.149.241.245', 'Mozilla/5.0 (X11; Linux x86_64) AppleWebKit/537.36 (KHTML, like Gecko) Chrome/81.0.4044.129 Safari/537.36', 'YTozOntzOjY6Il90b2tlbiI7czo0MDoiZmNPQWtoOEZoZEpzZWpWNnlHYWV0dTBRY2JCUEtoQ2VqOVljMTRMdCI7czo5OiJfcHJldmlvdXMiO2E6MTp7czozOiJ1cmwiO3M6MzQ6Imh0dHA6Ly93d3cuYXBpLWFic2Vuc2kuZXZlbnRwcm8uaWQiO31zOjY6Il9mbGFzaCI7YToyOntzOjM6Im9sZCI7YTowOnt9czozOiJuZXciO2E6MDp7fX19', 1737278887),
('jWY8W9CbuW5OCAxczPvjiso4PsNetcjC5isgmjJs', NULL, '132.145.29.111', 'Mozilla/5.0 (X11; Linux x86_64) AppleWebKit/537.36 (KHTML, like Gecko) Chrome/81.0.4044.129 Safari/537.36', 'YTozOntzOjY6Il90b2tlbiI7czo0MDoiRGh5ZXNWbUpRclFQa25aWkFmcjRyNFlxU0FuejNST2JyemQxRHlSdSI7czo5OiJfcHJldmlvdXMiO2E6MTp7czozOiJ1cmwiO3M6MzA6Imh0dHA6Ly9hcGktYWJzZW5zaS5ldmVudHByby5pZCI7fXM6NjoiX2ZsYXNoIjthOjI6e3M6Mzoib2xkIjthOjA6e31zOjM6Im5ldyI7YTowOnt9fX0=', 1737213316),
('kLW9k3Z44AsLZLqLn5RjD87h0Xn8ob9MaMd1p5PQ', NULL, '132.145.29.111', 'Mozilla/5.0 (Windows NT 10.0; Win64; x64) AppleWebKit/537.36 (KHTML, like Gecko) Chrome/95.0.4638.69 Safari/537.36', 'YTozOntzOjY6Il90b2tlbiI7czo0MDoiakdkQUpoUGhZM1lTb2pwSHJBd3NYYVY4d0pHcnhnaE84OXdzSlB5bCI7czo5OiJfcHJldmlvdXMiO2E6MTp7czozOiJ1cmwiO3M6MzA6Imh0dHA6Ly9hcGktYWJzZW5zaS5ldmVudHByby5pZCI7fXM6NjoiX2ZsYXNoIjthOjI6e3M6Mzoib2xkIjthOjA6e31zOjM6Im5ldyI7YTowOnt9fX0=', 1737209897),
('KmQkDw6uyV8d9sm2RkqZcCcPzHtKlTVBpRrVk8OP', NULL, '159.89.174.87', 'Go-http-client/1.1', 'YTozOntzOjY6Il90b2tlbiI7czo0MDoiQndjUm16cnN6MnRPckJmWkt1aUYzYnBENFVGeTZBMThIRmlqbmNCdyI7czo5OiJfcHJldmlvdXMiO2E6MTp7czozOiJ1cmwiO3M6NjQ6Imh0dHA6Ly9hcGktYWJzZW5zaS5ldmVudHByby5pZC8/cmVzdF9yb3V0ZT0lMkZ3cCUyRnYyJTJGdXNlcnMlMkYiO31zOjY6Il9mbGFzaCI7YToyOntzOjM6Im9sZCI7YTowOnt9czozOiJuZXciO2E6MDp7fX19', 1737173224),
('KUHuKah5OxCRn4HYsMRtSww4BxsINUx0QKZRWQli', NULL, '54.88.179.33', 'Mozilla/5.0 (Windows NT 10.0; Win64; x64) AppleWebKit/537.36 (KHTML, like Gecko) Chrome/100.0.4896.75 Safari/537.36', 'YTozOntzOjY6Il90b2tlbiI7czo0MDoicFBybmRLcDBCc3NRQWlJQzR1emRHdXBjV09qNFhXaDEwTDQ1ODljQSI7czo5OiJfcHJldmlvdXMiO2E6MTp7czozOiJ1cmwiO3M6MzE6Imh0dHBzOi8vYXBpLWFic2Vuc2kuZXZlbnRwcm8uaWQiO31zOjY6Il9mbGFzaCI7YToyOntzOjM6Im9sZCI7YTowOnt9czozOiJuZXciO2E6MDp7fX19', 1737313613),
('lIW7BwsR96wJFi8T8yua2PT8XyUUomJGv4V0JnEC', NULL, '104.164.173.235', 'Mozilla/5.0 (Macintosh; Intel Mac OS X 10_15_7) AppleWebKit/537.36 (KHTML, like Gecko) Chrome/117.0.0.0 Safari/537.36', 'YTozOntzOjY6Il90b2tlbiI7czo0MDoiZVpHdWpON1A4cElkcWpmN0V5Z1pTcUdsQkZrZ3NvUGVZSTNaaHJIUCI7czo5OiJfcHJldmlvdXMiO2E6MTp7czozOiJ1cmwiO3M6MzE6Imh0dHBzOi8vYXBpLWFic2Vuc2kuZXZlbnRwcm8uaWQiO31zOjY6Il9mbGFzaCI7YToyOntzOjM6Im9sZCI7YTowOnt9czozOiJuZXciO2E6MDp7fX19', 1737173226),
('LjRhflcWr8OhXBgmWcYwyz57rC9Qp0WB5UVV5z7D', NULL, '139.59.143.102', 'Mozilla/5.0 (Linux; Android 6.0; HTC One M9 Build/MRA774495) AppleWebKit/537.36 (KHTML, like Gecko) Chrome/52.0.1738.98 Mobile Safari/537.3', 'YTozOntzOjY6Il90b2tlbiI7czo0MDoiSGhWQXY4WTdkdXBOV0ZrZHJWZHRlVjBuakNyeG5vRmpkUVE2S0N6dCI7czo5OiJfcHJldmlvdXMiO2E6MTp7czozOiJ1cmwiO3M6MzU6Imh0dHBzOi8vd3d3LmFwaS1hYnNlbnNpLmV2ZW50cHJvLmlkIjt9czo2OiJfZmxhc2giO2E6Mjp7czozOiJvbGQiO2E6MDp7fXM6MzoibmV3IjthOjA6e319fQ==', 1737173212),
('lKUzNN16EqlQiv7932Y8Zsk7qDRx8vwf8J4hXPYC', NULL, '106.75.173.165', 'Mozilla/5.0 (Windows NT 6.1) AppleWebKit/537.36 (KHTML, like Gecko) Chrome/49.0.2623.112 Safari/537.36', 'YTozOntzOjY6Il90b2tlbiI7czo0MDoiY1N4SUNFbWpvcE10S085YkRIcDd3RzlvcGFWQ1dab1hCc0dOREM0aSI7czo5OiJfcHJldmlvdXMiO2E6MTp7czozOiJ1cmwiO3M6MzA6Imh0dHA6Ly9hcGktYWJzZW5zaS5ldmVudHByby5pZCI7fXM6NjoiX2ZsYXNoIjthOjI6e3M6Mzoib2xkIjthOjA6e31zOjM6Im5ldyI7YTowOnt9fX0=', 1737173419),
('LWSZAvIbuGYdTiutXh6QgPpWf10HqPf9fuHRopXp', NULL, '54.88.179.33', 'Mozilla/5.0 (Windows NT 10.0; Win64; x64) AppleWebKit/537.36 (KHTML, like Gecko) Chrome/100.0.4896.75 Safari/537.36', 'YTozOntzOjY6Il90b2tlbiI7czo0MDoiSnlhbEJNNkpMekZDNk9lZTNEcWdOdDYwbVJUcVkwbU9YNHluNkxQcyI7czo5OiJfcHJldmlvdXMiO2E6MTp7czozOiJ1cmwiO3M6MzQ6Imh0dHA6Ly93d3cuYXBpLWFic2Vuc2kuZXZlbnRwcm8uaWQiO31zOjY6Il9mbGFzaCI7YToyOntzOjM6Im9sZCI7YTowOnt9czozOiJuZXciO2E6MDp7fX19', 1737313616),
('mm6OHUNdhugrzaU4BdcH1nXHphqwDH8duOU2ftsr', NULL, '87.121.86.59', 'Mozilla/5.0 (X11; Linux x86_64) AppleWebKit/537.36 (KHTML, like Gecko) Chrome/81.0.4044.129 Safari/537.36', 'YTozOntzOjY6Il90b2tlbiI7czo0MDoiN0ZOUDM1cGE2VVhQUFN0dnlwWkUyQ0xKOUFiaGhYVE54NFYwbE02RyI7czo5OiJfcHJldmlvdXMiO2E6MTp7czozOiJ1cmwiO3M6MzQ6Imh0dHA6Ly93d3cuYXBpLWFic2Vuc2kuZXZlbnRwcm8uaWQiO31zOjY6Il9mbGFzaCI7YToyOntzOjM6Im9sZCI7YTowOnt9czozOiJuZXciO2E6MDp7fX19', 1737322711),
('MVGYdUE7pGxgA2RIcX8EqkualVkUnTthWF4aTjZ0', NULL, '138.197.191.87', '', 'YTozOntzOjY6Il90b2tlbiI7czo0MDoiZmpIWkE1QWRkcnp4bENSV282SHM4d05SSGJTeU9DQjhZMUQ0aTJjUSI7czo5OiJfcHJldmlvdXMiO2E6MTp7czozOiJ1cmwiO3M6MzQ6Imh0dHA6Ly93d3cuYXBpLWFic2Vuc2kuZXZlbnRwcm8uaWQiO31zOjY6Il9mbGFzaCI7YToyOntzOjM6Im9sZCI7YTowOnt9czozOiJuZXciO2E6MDp7fX19', 1737173212),
('N4kN8hMYqwUw8MosMO32ZXgsHRjuY87eB5KoDwpn', NULL, '138.197.191.87', 'Mozilla/5.0 (Linux; Android 6.0; HTC One M9 Build/MRA774495) AppleWebKit/537.36 (KHTML, like Gecko) Chrome/52.0.1738.98 Mobile Safari/537.3', 'YTozOntzOjY6Il90b2tlbiI7czo0MDoiUDBaUHlaQkNnWEV0TndDdXJTNUEwNXZ2d09aS09YMGdrNjI4dURyOCI7czo5OiJfcHJldmlvdXMiO2E6MTp7czozOiJ1cmwiO3M6MzQ6Imh0dHA6Ly93d3cuYXBpLWFic2Vuc2kuZXZlbnRwcm8uaWQiO31zOjY6Il9mbGFzaCI7YToyOntzOjM6Im9sZCI7YTowOnt9czozOiJuZXciO2E6MDp7fX19', 1737173212),
('NfY4WL9meaOq6MlLNTD7SKd1bjuKv1aUgiEtxNDx', NULL, '87.121.86.59', 'Mozilla/5.0 (X11; Linux x86_64) AppleWebKit/537.36 (KHTML, like Gecko) Chrome/81.0.4044.129 Safari/537.36', 'YTozOntzOjY6Il90b2tlbiI7czo0MDoib2N6MVZ1VDJlcEZ0TFZQelo5cjhKVFlWZ2x3cUhOQUFuc3ZNSTBySCI7czo5OiJfcHJldmlvdXMiO2E6MTp7czozOiJ1cmwiO3M6MzA6Imh0dHA6Ly9hcGktYWJzZW5zaS5ldmVudHByby5pZCI7fXM6NjoiX2ZsYXNoIjthOjI6e3M6Mzoib2xkIjthOjA6e31zOjM6Im5ldyI7YTowOnt9fX0=', 1737322711),
('otxbjBcjkOLS1gxh6vPJlObNzOFU8NM9tNVAJZym', NULL, '165.1.79.97', 'Mozilla/5.0 (Windows NT 10.0; Win64; x64) AppleWebKit/537.36 (KHTML, like Gecko) Chrome/78.0.3904.108 Safari/537.36', 'YTozOntzOjY6Il90b2tlbiI7czo0MDoiYmhOSmx3c3F3SG52dWtzZUVIeWpqSEk2RkpkY0ZUU2prYzdjTFNDOCI7czo5OiJfcHJldmlvdXMiO2E6MTp7czozOiJ1cmwiO3M6MzA6Imh0dHA6Ly9hcGktYWJzZW5zaS5ldmVudHByby5pZCI7fXM6NjoiX2ZsYXNoIjthOjI6e3M6Mzoib2xkIjthOjA6e31zOjM6Im5ldyI7YTowOnt9fX0=', 1737243714),
('ouu3jMIia6PtcvbkQMDq83DjNB3b2ufulY1XLRoe', NULL, '157.230.19.140', 'Mozilla/5.0 (Linux; Android 6.0; HTC One M9 Build/MRA774495) AppleWebKit/537.36 (KHTML, like Gecko) Chrome/52.0.1738.98 Mobile Safari/537.3', 'YTozOntzOjY6Il90b2tlbiI7czo0MDoiaDRDSVc1TDEwNmliWDV4bVU1Qk03OUx3QjVuck1CZjNPcG81Y0lEVSI7czo5OiJfcHJldmlvdXMiO2E6MTp7czozOiJ1cmwiO3M6MzE6Imh0dHBzOi8vYXBpLWFic2Vuc2kuZXZlbnRwcm8uaWQiO31zOjY6Il9mbGFzaCI7YToyOntzOjM6Im9sZCI7YTowOnt9czozOiJuZXciO2E6MDp7fX19', 1737173217),
('oxMnbPYxHoq7FWczRPRuILnTIYpfPnfYJgPQwmnh', NULL, '54.88.179.33', 'Mozilla/5.0 (Windows NT 10.0; Win64; x64) AppleWebKit/537.36 (KHTML, like Gecko) Chrome/100.0.4896.75 Safari/537.36', 'YTozOntzOjY6Il90b2tlbiI7czo0MDoid3drcWd5RnUzaWRvU1g3ZTJmc3lmcU5lVzhUZHZuV3U5N1lTZm84ZSI7czo5OiJfcHJldmlvdXMiO2E6MTp7czozOiJ1cmwiO3M6MzU6Imh0dHBzOi8vd3d3LmFwaS1hYnNlbnNpLmV2ZW50cHJvLmlkIjt9czo2OiJfZmxhc2giO2E6Mjp7czozOiJvbGQiO2E6MDp7fXM6MzoibmV3IjthOjA6e319fQ==', 1737313615),
('PUpw1P356aldrHrsAPdKl0uTl6GEWSSZruiZw7YY', NULL, '35.171.144.152', 'Mozilla/5.0 (Windows NT 10.0; Win64; x64) AppleWebKit/537.36 (KHTML, like Gecko) Chrome/100.0.4896.75 Safari/537.36', 'YTozOntzOjY6Il90b2tlbiI7czo0MDoicWxBYjBZbjRXWmtWQVpHcXdRN2tKeDMwcjczVUdYSlJ3VWFZbUt1OCI7czo5OiJfcHJldmlvdXMiO2E6MTp7czozOiJ1cmwiO3M6MzA6Imh0dHA6Ly9hcGktYWJzZW5zaS5ldmVudHByby5pZCI7fXM6NjoiX2ZsYXNoIjthOjI6e3M6Mzoib2xkIjthOjA6e31zOjM6Im5ldyI7YTowOnt9fX0=', 1737313616),
('qNuEekyavY8mB4fyPSdkVFNRY155rF2rLcv8oA1J', NULL, '54.88.179.33', 'Mozilla/5.0 (Windows NT 10.0; Win64; x64) AppleWebKit/537.36 (KHTML, like Gecko) Chrome/100.0.4896.75 Safari/537.36', 'YTozOntzOjY6Il90b2tlbiI7czo0MDoiRkkzaXpxaDJHN0h5b1dJZFhWQjh1QUVWTXhZWk93V1lhSUFZcUQ0UyI7czo5OiJfcHJldmlvdXMiO2E6MTp7czozOiJ1cmwiO3M6MzU6Imh0dHBzOi8vd3d3LmFwaS1hYnNlbnNpLmV2ZW50cHJvLmlkIjt9czo2OiJfZmxhc2giO2E6Mjp7czozOiJvbGQiO2E6MDp7fXM6MzoibmV3IjthOjA6e319fQ==', 1737269755),
('qSOeYHOGtCv8YjnSXmpbFjCnZARbGLzfkirEf0F2', NULL, '132.145.29.111', 'Mozilla/5.0 (Windows NT 10.0; Win64; x64) AppleWebKit/537.36 (KHTML, like Gecko) Chrome/95.0.4638.69 Safari/537.36', 'YTozOntzOjY6Il90b2tlbiI7czo0MDoicmJkSWIyQnhrUlZIaDExcmlvZ2dQTXFKRktIbG9kWmFLcDc2WEYxUyI7czo5OiJfcHJldmlvdXMiO2E6MTp7czozOiJ1cmwiO3M6MzA6Imh0dHA6Ly9hcGktYWJzZW5zaS5ldmVudHByby5pZCI7fXM6NjoiX2ZsYXNoIjthOjI6e3M6Mzoib2xkIjthOjA6e31zOjM6Im5ldyI7YTowOnt9fX0=', 1737209897),
('RZBIhgNKlUh2tVH7VTNQlvJixOGs8XbbEkFebmmS', NULL, '159.89.174.87', '', 'YTozOntzOjY6Il90b2tlbiI7czo0MDoiU3FHOUVlTk11VVNLaGdRYk5EcXRTTDFHdVZtMmVJajFidHRCY2JTWiI7czo5OiJfcHJldmlvdXMiO2E6MTp7czozOiJ1cmwiO3M6MzA6Imh0dHA6Ly9hcGktYWJzZW5zaS5ldmVudHByby5pZCI7fXM6NjoiX2ZsYXNoIjthOjI6e3M6Mzoib2xkIjthOjA6e31zOjM6Im5ldyI7YTowOnt9fX0=', 1737173212),
('SqKLwTej7FuGxuOhhiiYFQ7kjLKq5YNpIEuAqUCZ', NULL, '165.1.79.97', 'Mozilla/5.0 (Windows NT 10.0; Win64; x64) AppleWebKit/537.36 (KHTML, like Gecko) Chrome/78.0.3904.108 Safari/537.36', 'YTozOntzOjY6Il90b2tlbiI7czo0MDoiNmZMRFV4dElCMjBZODRHV3YxcEd5RlNCakdDb3FuUUJyOHhhdE0zVyI7czo5OiJfcHJldmlvdXMiO2E6MTp7czozOiJ1cmwiO3M6MzA6Imh0dHA6Ly9hcGktYWJzZW5zaS5ldmVudHByby5pZCI7fXM6NjoiX2ZsYXNoIjthOjI6e3M6Mzoib2xkIjthOjA6e31zOjM6Im5ldyI7YTowOnt9fX0=', 1737383968),
('SwK9ur0rPnIdLaoQtFTP86I1IL1ciqQ94TdAiPtb', NULL, '188.166.98.41', 'Mozilla/5.0 (compatible)', 'YTozOntzOjY6Il90b2tlbiI7czo0MDoiSHBURXFaNElzZHo2aDhpS2Y3TEk0VFRsNTNycHJtam96OE04VzhwQiI7czo5OiJfcHJldmlvdXMiO2E6MTp7czozOiJ1cmwiO3M6MzU6Imh0dHBzOi8vd3d3LmFwaS1hYnNlbnNpLmV2ZW50cHJvLmlkIjt9czo2OiJfZmxhc2giO2E6Mjp7czozOiJvbGQiO2E6MDp7fXM6MzoibmV3IjthOjA6e319fQ==', 1737375675),
('T9y7m4WeUyA7HeGZ8RTAkEK03ebF9O5alX7NzfoR', NULL, '106.75.137.66', 'Mozilla/5.0 (Windows NT 6.1) AppleWebKit/537.36 (KHTML, like Gecko) Chrome/49.0.2623.112 Safari/537.36', 'YTozOntzOjY6Il90b2tlbiI7czo0MDoieUZpcGgxTWtuelgwRndSMllBU29EYzUyem5QbUNJd051Y3hpU2FQbiI7czo5OiJfcHJldmlvdXMiO2E6MTp7czozOiJ1cmwiO3M6MzQ6Imh0dHA6Ly93d3cuYXBpLWFic2Vuc2kuZXZlbnRwcm8uaWQiO31zOjY6Il9mbGFzaCI7YToyOntzOjM6Im9sZCI7YTowOnt9czozOiJuZXciO2E6MDp7fX19', 1737173452),
('tF3bxhRqyZkvPhhGRGOBtH4CCLNw147GLAajxvSx', NULL, '104.152.52.64', 'curl/7.61.1', 'YTozOntzOjY6Il90b2tlbiI7czo0MDoiWG9OUDZBbDljc1dRNlRMemdPOFd0ZUwzTG83cDMzVFBqMXJiNjRvWCI7czo5OiJfcHJldmlvdXMiO2E6MTp7czozOiJ1cmwiO3M6MzE6Imh0dHBzOi8vYXBpLWFic2Vuc2kuZXZlbnRwcm8uaWQiO31zOjY6Il9mbGFzaCI7YToyOntzOjM6Im9sZCI7YTowOnt9czozOiJuZXciO2E6MDp7fX19', 1737342303),
('TJdWFIPeGXUHRsPATXLqppaEG41mGoo5vtes6LsK', NULL, '106.75.157.14', 'Mozilla/5.0 (Windows NT 6.1) AppleWebKit/537.36 (KHTML, like Gecko) Chrome/49.0.2623.112 Safari/537.36', 'YTozOntzOjY6Il90b2tlbiI7czo0MDoiN3lNRDd0WlBySU5EVmdHOVA0WFc1WDZGa0hEOUJEakl2ZXVVRTUxVSI7czo5OiJfcHJldmlvdXMiO2E6MTp7czozOiJ1cmwiO3M6MzU6Imh0dHBzOi8vd3d3LmFwaS1hYnNlbnNpLmV2ZW50cHJvLmlkIjt9czo2OiJfZmxhc2giO2E6Mjp7czozOiJvbGQiO2E6MDp7fXM6MzoibmV3IjthOjA6e319fQ==', 1737173358),
('tTRSeXoIl5JxHzpxPsaWSGQC72USLk72CjOmEHvg', NULL, '207.241.225.134', 'Mozilla/5.0 (compatible; archive.org_bot +http://archive.org/details/archive.org_bot) Zeno/e752ac5 warc/v0.8.60', 'YTozOntzOjY6Il90b2tlbiI7czo0MDoidFJUQVVPanpzZ3c1QXBtNktSdGVHdDNqeTUyNlJaNVJNdkRDTnY1NCI7czo5OiJfcHJldmlvdXMiO2E6MTp7czozOiJ1cmwiO3M6MzE6Imh0dHBzOi8vYXBpLWFic2Vuc2kuZXZlbnRwcm8uaWQiO31zOjY6Il9mbGFzaCI7YToyOntzOjM6Im9sZCI7YTowOnt9czozOiJuZXciO2E6MDp7fX19', 1737499461),
('UFzJpjjDnjnMx7BLNzP1TZSIMcIFqjq4mIIy49aC', NULL, '198.235.24.131', '', 'YTozOntzOjY6Il90b2tlbiI7czo0MDoicGhLMGN4M2tDSXBpcFVWRzlkMFhkTFBhM1N1N1JIQnBiSE5kbGFRQSI7czo5OiJfcHJldmlvdXMiO2E6MTp7czozOiJ1cmwiO3M6MzE6Imh0dHBzOi8vYXBpLWFic2Vuc2kuZXZlbnRwcm8uaWQiO31zOjY6Il9mbGFzaCI7YToyOntzOjM6Im9sZCI7YTowOnt9czozOiJuZXciO2E6MDp7fX19', 1737180168),
('utYBTQnVZ6zsK76qvMUBhfSoA3hlTHaWQlUDnUmY', NULL, '207.241.225.134', 'Mozilla/5.0 (compatible; archive.org_bot +http://archive.org/details/archive.org_bot) Zeno/e752ac5 warc/v0.8.60', 'YTozOntzOjY6Il90b2tlbiI7czo0MDoiTE9NQXZFWHNENVd5NEE0ZndFS0U0QnBxOHBydWlZMmszSWczdkQ1QSI7czo5OiJfcHJldmlvdXMiO2E6MTp7czozOiJ1cmwiO3M6MzA6Imh0dHA6Ly9hcGktYWJzZW5zaS5ldmVudHByby5pZCI7fXM6NjoiX2ZsYXNoIjthOjI6e3M6Mzoib2xkIjthOjA6e31zOjM6Im5ldyI7YTowOnt9fX0=', 1737451995),
('vFksG6ropC6EfGFSiNHG1G5rf8pd6POwgKZ1A6IF', NULL, '165.1.79.97', 'Mozilla/5.0 (Windows NT 10.0; Win64; x64) AppleWebKit/537.36 (KHTML, like Gecko) Chrome/78.0.3904.108 Safari/537.36', 'YTozOntzOjY6Il90b2tlbiI7czo0MDoid01Pd0hReXhqb1RsMjN2Tlg5dEx2anBhVk15SWtocDZNVEtIMzNMdSI7czo5OiJfcHJldmlvdXMiO2E6MTp7czozOiJ1cmwiO3M6MzA6Imh0dHA6Ly9hcGktYWJzZW5zaS5ldmVudHByby5pZCI7fXM6NjoiX2ZsYXNoIjthOjI6e3M6Mzoib2xkIjthOjA6e31zOjM6Im5ldyI7YTowOnt9fX0=', 1737242544),
('wKjbhcStQBGi4tU6NxLTTQolMFWEtOV3jnoRkOxk', NULL, '157.230.19.140', 'Go-http-client/1.1', 'YTozOntzOjY6Il90b2tlbiI7czo0MDoiWEM2RFlLU0FSemhWYlpreDVCZ1IweGtBd2hHNG1RQ1BRaVlHZmc0cyI7czo5OiJfcHJldmlvdXMiO2E6MTp7czozOiJ1cmwiO3M6NjU6Imh0dHBzOi8vYXBpLWFic2Vuc2kuZXZlbnRwcm8uaWQvP3Jlc3Rfcm91dGU9JTJGd3AlMkZ2MiUyRnVzZXJzJTJGIjt9czo2OiJfZmxhc2giO2E6Mjp7czozOiJvbGQiO2E6MDp7fXM6MzoibmV3IjthOjA6e319fQ==', 1737173234),
('wm7VxjjNlZg3t9GRJtkq3AEMvmr5327xvCmTtJNW', NULL, '138.197.191.87', 'Go-http-client/1.1', 'YTozOntzOjY6Il90b2tlbiI7czo0MDoiQjcySTUwS25Wbk9iZHFTQ1BWT2tXckJEOERDc2EyMEJBQkdFenBNNyI7czo5OiJfcHJldmlvdXMiO2E6MTp7czozOiJ1cmwiO3M6Njg6Imh0dHA6Ly93d3cuYXBpLWFic2Vuc2kuZXZlbnRwcm8uaWQvP3Jlc3Rfcm91dGU9JTJGd3AlMkZ2MiUyRnVzZXJzJTJGIjt9czo2OiJfZmxhc2giO2E6Mjp7czozOiJvbGQiO2E6MDp7fXM6MzoibmV3IjthOjA6e319fQ==', 1737173228),
('xyfVI2HNtOd11pkmGypJsyZydpz3JQLKcYEtobcP', NULL, '43.173.2.12', 'Mozilla/5.0 (Windows NT 10.0; Win64; x64) AppleWebKit/537.36 (KHTML, like Gecko) Chrome/58.0.3029.110 Safari/537.3', 'YTozOntzOjY6Il90b2tlbiI7czo0MDoiNEpQbmtXdm92TVlOeHhONDcxSTk2VmQ5S3F2VWxPTUNkcFJHd2toQyI7czo5OiJfcHJldmlvdXMiO2E6MTp7czozOiJ1cmwiO3M6MzQ6Imh0dHA6Ly93d3cuYXBpLWFic2Vuc2kuZXZlbnRwcm8uaWQiO31zOjY6Il9mbGFzaCI7YToyOntzOjM6Im9sZCI7YTowOnt9czozOiJuZXciO2E6MDp7fX19', 1737324430),
('zdJeuHZZrgx3oU9uuXCNpFWWijbYBK3qAQuA9ZfR', NULL, '45.149.241.245', 'Mozilla/5.0 (X11; Linux x86_64) AppleWebKit/537.36 (KHTML, like Gecko) Chrome/81.0.4044.129 Safari/537.36', 'YTozOntzOjY6Il90b2tlbiI7czo0MDoiZDJxU1lCNFJkZ1BHeHFDN3d4V04xNTlZcGl4UlJaOFAzaHB6TUxZbyI7czo5OiJfcHJldmlvdXMiO2E6MTp7czozOiJ1cmwiO3M6MzA6Imh0dHA6Ly9hcGktYWJzZW5zaS5ldmVudHByby5pZCI7fXM6NjoiX2ZsYXNoIjthOjI6e3M6Mzoib2xkIjthOjA6e31zOjM6Im5ldyI7YTowOnt9fX0=', 1737278884);

-- --------------------------------------------------------

--
-- Table structure for table `shift`
--

CREATE TABLE `shift` (
  `id_shift` bigint(20) UNSIGNED NOT NULL,
  `nama_shift` varchar(50) NOT NULL,
  `jam_masuk` time NOT NULL,
  `jam_keluar` time NOT NULL,
  `jam_istirahat_mulai` time NOT NULL,
  `jam_istirahat_selesai` time NOT NULL,
  `toleransi_keterlambatan` smallint(5) UNSIGNED NOT NULL,
  `status` enum('Aktif','Arsip') NOT NULL DEFAULT 'Aktif',
  `warna` varchar(7) NOT NULL DEFAULT '#07134f',
  `created_at` timestamp NULL DEFAULT NULL,
  `updated_at` timestamp NULL DEFAULT NULL
) ENGINE=InnoDB DEFAULT CHARSET=utf8mb4 COLLATE=utf8mb4_unicode_ci;

--
-- Dumping data for table `shift`
--

INSERT INTO `shift` (`id_shift`, `nama_shift`, `jam_masuk`, `jam_keluar`, `jam_istirahat_mulai`, `jam_istirahat_selesai`, `toleransi_keterlambatan`, `status`, `warna`, `created_at`, `updated_at`) VALUES
(1, 'Jam Kantor', '08:00:00', '17:00:00', '12:00:00', '13:00:00', 30, 'Aktif', '#290fd4', '2024-11-05 21:46:34', '2025-01-05 22:42:35'),
(2, 'Day Off', '00:00:00', '23:59:00', '00:00:00', '00:00:00', 0, 'Aktif', '#c20606', '2025-01-05 21:51:36', '2025-01-05 21:51:36');

-- --------------------------------------------------------

--
-- Table structure for table `shift_kerja`
--

CREATE TABLE `shift_kerja` (
  `id_shift_kerja` bigint(20) UNSIGNED NOT NULL,
  `nama_shift` varchar(50) NOT NULL,
  `hari` varchar(10) NOT NULL,
  `jam_masuk` time NOT NULL,
  `jam_keluar` time NOT NULL,
  `created_at` timestamp NULL DEFAULT NULL,
  `updated_at` timestamp NULL DEFAULT NULL
) ENGINE=InnoDB DEFAULT CHARSET=utf8mb4 COLLATE=utf8mb4_unicode_ci;

-- --------------------------------------------------------

--
-- Table structure for table `users`
--

CREATE TABLE `users` (
  `id_user` bigint(20) UNSIGNED NOT NULL,
  `email` varchar(255) NOT NULL,
  `password` varchar(255) NOT NULL,
  `avatar` varchar(255) DEFAULT NULL,
  `is_email_verified` tinyint(1) NOT NULL DEFAULT 0,
  `is_admin` tinyint(1) NOT NULL DEFAULT 0,
  `remember_token` varchar(100) DEFAULT NULL,
  `last_active` timestamp NULL DEFAULT NULL,
  `created_at` timestamp NULL DEFAULT NULL,
  `updated_at` timestamp NULL DEFAULT NULL
) ENGINE=InnoDB DEFAULT CHARSET=utf8mb4 COLLATE=utf8mb4_unicode_ci;

--
-- Dumping data for table `users`
--

INSERT INTO `users` (`id_user`, `email`, `password`, `avatar`, `is_email_verified`, `is_admin`, `remember_token`, `last_active`, `created_at`, `updated_at`) VALUES
(1, 'admin@gmail.com', '$2y$12$t/rP21.wH8ujGCBtwv64Xee3l2t/mzezL2jtLNJYPuyQ6k/G.e0lS', NULL, 1, 1, NULL, '2024-11-05 00:52:08', '2024-11-05 00:52:08', NULL),
(2, 'user@gmail.com', '$2y$12$LbJDFko3G3.F6HXvdVVzU.1p17/8coI8/lfp0nM7ve22fTat6Iqwa', NULL, 1, 0, NULL, '2024-11-05 00:52:09', '2024-11-05 00:52:09', NULL),
(3, 'muh.mahatma@gmail.com', '$2y$12$C5hHRPoiFmzDHOj0IJq/VO0eVFozJMwkXqZP5ZxZ9eJKF9bdZt0Cm', NULL, 1, 0, NULL, '2025-01-06 17:24:20', '2024-11-05 21:12:26', NULL),
(4, 'alwidahlan2709@gmail.com', '$2y$12$sFHb0HvX/hfHgbYXVrTZuuHlA1Ur/DdMfPXb8xKV0wXjsvnUw7beu', NULL, 1, 0, NULL, '2025-01-09 01:36:50', '2025-01-05 20:52:49', NULL),
(5, 'adzkiyahproperti@gmail.com', '$2y$12$wWRtnAF2LYtm8ZFXIjSfiuqxbpl6j5DUCE.uisRcT5DZKG336o0e2', NULL, 1, 0, NULL, '2025-01-15 00:25:03', '2025-01-05 20:56:08', NULL),
(6, 'perdidev@gmail.com', '$2y$12$wimfvjznZjh1nrpWa.qMa.t3608wxHTZ46BwOdO0lFLHRkvvbgXEi', NULL, 1, 0, NULL, '2025-01-06 06:50:58', '2025-01-05 21:00:12', NULL),
(7, 'syaifulharbiansyah30@gmail.com', '$2y$12$vuXdzTJAh/mtzGq1.Dg5xOPsYbSVoxjbSpdToyLlyirWjgiyzdJ36', NULL, 1, 0, NULL, '2025-01-20 10:06:52', '2025-01-05 21:37:55', NULL),
(8, 'nurulmusdalifah30@gmail.com', '$2y$12$hAq3UMGXNJWyP8EwgGLh2e39SXryH0RFQTmr1oCB8KWbSnfbbpzhC', NULL, 1, 0, NULL, '2025-01-07 01:28:43', '2025-01-05 21:42:13', NULL),
(9, 'ririnnurfitrah11@gmail.com', '$2y$12$IwHxdd.R6sMDMUEOUoh/te2okDFQjcTfyt78ua/hyd0wmQhhiVp4a', NULL, 1, 0, NULL, '2025-01-07 01:52:55', '2025-01-05 21:45:21', NULL),
(10, 'farouk07890@gmail.com', '$2y$12$ZXFKCLadReWZmXPf2DyKpujh3aBog.TSG4nS5.NO4te2lH9bUfDIC', NULL, 1, 0, NULL, '2025-01-06 01:12:52', '2025-01-05 22:55:53', NULL),
(11, 'farreluken@gmail.com', '$2y$12$uTvk14u4JLiukYbMkospeug4lBekkSVLHpt4PwBBHz0EQAWblnUnG', NULL, 1, 0, NULL, '2025-01-06 00:59:46', '2025-01-05 23:05:14', NULL),
(12, 'nadhirailmii@gmail.com', '$2y$12$b/FH628E2RObEA4avLPeOuFMmLgUKkfrHs2jHknUcOZaxagBPMcca', NULL, 1, 0, NULL, '2025-01-08 01:27:09', '2025-01-05 23:15:55', NULL),
(13, 'aulia02.naz@gmail.com', '$2y$12$Euv7d3WTeGUU/Gdm1GYtful4/P9ALe4UQrkesg5MCTqrn60bFExZi', NULL, 1, 0, NULL, '2025-01-06 01:03:52', '2025-01-05 23:17:20', NULL),
(14, 'ekdhrm07@gmail.com', '$2y$12$kn10hQJKiYYfGNEcaHO4eufEraduJpuMGSAWWYBLFerRXWOCxq8bm', NULL, 1, 0, NULL, '2025-01-06 01:01:17', '2025-01-05 23:21:25', NULL),
(15, 'rigelichy@gmail.com', '$2y$12$fZjWbwM6L.Cj.onrlQh32./M7Et84OJfiInQteSbnGJLZDVXZx7mK', NULL, 1, 0, NULL, '2025-01-07 01:56:49', '2025-01-07 01:55:33', NULL),
(16, 'yanoex98@gmail.com', '$2y$12$9Vf9Y5kyDAalIwryoEiD/OcE.ksUb9ZUpntK2UTpvFrraAHf3ZYi2', NULL, 1, 0, NULL, '2025-01-07 04:58:20', '2025-01-07 04:43:37', NULL),
(17, 'silvanisiska286@gmail.com', '$2y$12$3IhkrBeURlCvPxr67ec5N.N.hXQHwBxYz0P40EGA9TU2RKjuSGJjq', NULL, 1, 0, NULL, '2025-01-20 01:22:38', '2025-01-16 10:12:24', NULL);

--
-- Indexes for dumped tables
--

--
-- Indexes for table `cache`
--
ALTER TABLE `cache`
  ADD PRIMARY KEY (`key`);

--
-- Indexes for table `cache_locks`
--
ALTER TABLE `cache_locks`
  ADD PRIMARY KEY (`key`);

--
-- Indexes for table `failed_jobs`
--
ALTER TABLE `failed_jobs`
  ADD PRIMARY KEY (`id`),
  ADD UNIQUE KEY `failed_jobs_uuid_unique` (`uuid`);

--
-- Indexes for table `gaji`
--
ALTER TABLE `gaji`
  ADD PRIMARY KEY (`id_gaji`),
  ADD KEY `gaji_id_pegawai` (`id_pegawai`);

--
-- Indexes for table `jadwal`
--
ALTER TABLE `jadwal`
  ADD PRIMARY KEY (`id_jadwal`);

--
-- Indexes for table `jadwal_pegawai`
--
ALTER TABLE `jadwal_pegawai`
  ADD PRIMARY KEY (`id_pegawai`,`id_jadwal`),
  ADD UNIQUE KEY `jadwal_pegawai_id_pegawai_unique` (`id_pegawai`),
  ADD KEY `jadwal_pegawai_id_jadwal` (`id_jadwal`);

--
-- Indexes for table `jadwal_shift`
--
ALTER TABLE `jadwal_shift`
  ADD PRIMARY KEY (`id_jadwal_shift`),
  ADD KEY `jadwal_shift_id_shift` (`id_shift`),
  ADD KEY `jadwal_shift_id_jadwal` (`id_jadwal`);

--
-- Indexes for table `jobs`
--
ALTER TABLE `jobs`
  ADD PRIMARY KEY (`id`),
  ADD KEY `jobs_queue_index` (`queue`);

--
-- Indexes for table `job_batches`
--
ALTER TABLE `job_batches`
  ADD PRIMARY KEY (`id`);

--
-- Indexes for table `kehadiran`
--
ALTER TABLE `kehadiran`
  ADD PRIMARY KEY (`id_kehadiran`),
  ADD KEY `kehadiran_id_pegawai` (`id_pegawai`);

--
-- Indexes for table `migrations`
--
ALTER TABLE `migrations`
  ADD PRIMARY KEY (`id`);

--
-- Indexes for table `password_reset_tokens`
--
ALTER TABLE `password_reset_tokens`
  ADD PRIMARY KEY (`email`);

--
-- Indexes for table `payroll`
--
ALTER TABLE `payroll`
  ADD PRIMARY KEY (`id_payroll`),
  ADD KEY `payroll_id_pegawai` (`id_pegawai`);

--
-- Indexes for table `pegawai`
--
ALTER TABLE `pegawai`
  ADD PRIMARY KEY (`id_pegawai`),
  ADD KEY `pegawai_id_user_foreign` (`id_user`);

--
-- Indexes for table `personal_access_tokens`
--
ALTER TABLE `personal_access_tokens`
  ADD PRIMARY KEY (`id`),
  ADD UNIQUE KEY `personal_access_tokens_token_unique` (`token`),
  ADD KEY `personal_access_tokens_tokenable_type_tokenable_id_index` (`tokenable_type`,`tokenable_id`);

--
-- Indexes for table `sessions`
--
ALTER TABLE `sessions`
  ADD PRIMARY KEY (`id`),
  ADD KEY `sessions_user_id_index` (`user_id`),
  ADD KEY `sessions_last_activity_index` (`last_activity`);

--
-- Indexes for table `shift`
--
ALTER TABLE `shift`
  ADD PRIMARY KEY (`id_shift`);

--
-- Indexes for table `shift_kerja`
--
ALTER TABLE `shift_kerja`
  ADD PRIMARY KEY (`id_shift_kerja`);

--
-- Indexes for table `users`
--
ALTER TABLE `users`
  ADD PRIMARY KEY (`id_user`),
  ADD UNIQUE KEY `users_email_unique` (`email`);

--
-- AUTO_INCREMENT for dumped tables
--

--
-- AUTO_INCREMENT for table `failed_jobs`
--
ALTER TABLE `failed_jobs`
  MODIFY `id` bigint(20) UNSIGNED NOT NULL AUTO_INCREMENT;

--
-- AUTO_INCREMENT for table `gaji`
--
ALTER TABLE `gaji`
  MODIFY `id_gaji` bigint(20) UNSIGNED NOT NULL AUTO_INCREMENT;

--
-- AUTO_INCREMENT for table `jadwal`
--
ALTER TABLE `jadwal`
  MODIFY `id_jadwal` bigint(20) UNSIGNED NOT NULL AUTO_INCREMENT, AUTO_INCREMENT=3;

--
-- AUTO_INCREMENT for table `jadwal_shift`
--
ALTER TABLE `jadwal_shift`
  MODIFY `id_jadwal_shift` bigint(20) UNSIGNED NOT NULL AUTO_INCREMENT, AUTO_INCREMENT=10;

--
-- AUTO_INCREMENT for table `jobs`
--
ALTER TABLE `jobs`
  MODIFY `id` bigint(20) UNSIGNED NOT NULL AUTO_INCREMENT;

--
-- AUTO_INCREMENT for table `kehadiran`
--
ALTER TABLE `kehadiran`
  MODIFY `id_kehadiran` bigint(20) UNSIGNED NOT NULL AUTO_INCREMENT, AUTO_INCREMENT=155;

--
-- AUTO_INCREMENT for table `migrations`
--
ALTER TABLE `migrations`
  MODIFY `id` int(10) UNSIGNED NOT NULL AUTO_INCREMENT, AUTO_INCREMENT=14;

--
-- AUTO_INCREMENT for table `payroll`
--
ALTER TABLE `payroll`
  MODIFY `id_payroll` bigint(20) UNSIGNED NOT NULL AUTO_INCREMENT;

--
-- AUTO_INCREMENT for table `pegawai`
--
ALTER TABLE `pegawai`
  MODIFY `id_pegawai` bigint(20) UNSIGNED NOT NULL AUTO_INCREMENT, AUTO_INCREMENT=17;

--
-- AUTO_INCREMENT for table `personal_access_tokens`
--
ALTER TABLE `personal_access_tokens`
  MODIFY `id` bigint(20) UNSIGNED NOT NULL AUTO_INCREMENT, AUTO_INCREMENT=138;

--
-- AUTO_INCREMENT for table `shift`
--
ALTER TABLE `shift`
  MODIFY `id_shift` bigint(20) UNSIGNED NOT NULL AUTO_INCREMENT, AUTO_INCREMENT=3;

--
-- AUTO_INCREMENT for table `shift_kerja`
--
ALTER TABLE `shift_kerja`
  MODIFY `id_shift_kerja` bigint(20) UNSIGNED NOT NULL AUTO_INCREMENT;

--
-- AUTO_INCREMENT for table `users`
--
ALTER TABLE `users`
  MODIFY `id_user` bigint(20) UNSIGNED NOT NULL AUTO_INCREMENT, AUTO_INCREMENT=18;

--
-- Constraints for dumped tables
--

--
-- Constraints for table `gaji`
--
ALTER TABLE `gaji`
  ADD CONSTRAINT `gaji_id_pegawai` FOREIGN KEY (`id_pegawai`) REFERENCES `pegawai` (`id_pegawai`);

--
-- Constraints for table `jadwal_pegawai`
--
ALTER TABLE `jadwal_pegawai`
  ADD CONSTRAINT `jadwal_pegawai_id_jadwal` FOREIGN KEY (`id_jadwal`) REFERENCES `jadwal` (`id_jadwal`) ON DELETE CASCADE,
  ADD CONSTRAINT `jadwal_pegawai_id_pegawai` FOREIGN KEY (`id_pegawai`) REFERENCES `pegawai` (`id_pegawai`) ON DELETE CASCADE;

--
-- Constraints for table `jadwal_shift`
--
ALTER TABLE `jadwal_shift`
  ADD CONSTRAINT `jadwal_shift_id_jadwal` FOREIGN KEY (`id_jadwal`) REFERENCES `jadwal` (`id_jadwal`) ON DELETE CASCADE,
  ADD CONSTRAINT `jadwal_shift_id_shift` FOREIGN KEY (`id_shift`) REFERENCES `shift` (`id_shift`) ON DELETE CASCADE;

--
-- Constraints for table `kehadiran`
--
ALTER TABLE `kehadiran`
  ADD CONSTRAINT `kehadiran_id_pegawai` FOREIGN KEY (`id_pegawai`) REFERENCES `pegawai` (`id_pegawai`);

--
-- Constraints for table `payroll`
--
ALTER TABLE `payroll`
  ADD CONSTRAINT `payroll_id_pegawai` FOREIGN KEY (`id_pegawai`) REFERENCES `pegawai` (`id_pegawai`);

--
-- Constraints for table `pegawai`
--
ALTER TABLE `pegawai`
  ADD CONSTRAINT `pegawai_id_user_foreign` FOREIGN KEY (`id_user`) REFERENCES `users` (`id_user`) ON DELETE CASCADE;
COMMIT;

/*!40101 SET CHARACTER_SET_CLIENT=@OLD_CHARACTER_SET_CLIENT */;
/*!40101 SET CHARACTER_SET_RESULTS=@OLD_CHARACTER_SET_RESULTS */;
/*!40101 SET COLLATION_CONNECTION=@OLD_COLLATION_CONNECTION */;
